date,verse_title,total_match_indices,score,matches_woodruff,matches_scriptures
"January 13, 1856 ",Doctrine and Covenants 98:16,"[(5380, 535)]",0.99315,Fathers to the children and the hearts of the children to their Fathers,of the children to their fathers and the hearts of the fathers to the children
"March 10, 1844 ",John 1:8,"[(3796, 218)]",0.98585,was not that light but was sent to bear witness of that light,He was not that Light but was sent to bear witness of that Light
"February 2, 1851 ",Doctrine and Covenants 2:2,"[(8539, 436)]",0.96246,turn the hearts of the children to their fathers and the fathers to,to the fathers and the hearts of the children shall turn to their fathers
"April 7, 1836 ",2 Corinthians 11:29,"[(4906, 243)]",0.94552,and I am not weak Who is offended and I burn not O,Who is weak and I am not weak who is offended and I burn not
"November 11, 1855 ",3 Nephi 13:10,"[(5794, 399)]",0.94403,"thy will be done on Earth as it is done in heaven[""] was",Thy will be done on earth as it is in heaven
"January 21, 1847 ",Doctrine and Covenants 136:7,"[(7575, 666), (7576, 667), (7577, 668), (7578, 669), (7579, 670), (7580, 671), (7581, 672)]",0.94212,Farming utensils to go as Pioneers to prepare for puting in spring crops Let each company bear an equal proportion according to the dividend of their property in taking the poor the widows the fatherless and the families of those who have gone into the armey that the cries of the widow and the Fatherless come not up into the ears of the Lord against this people Let each company prepare houses and fields for raising grain for those who are to remain behind this season and this is the will,to take teams seeds and farming utensils to go as pioneers to prepare for putting in spring crops Let each company bear an equal proportion according to the dividend of their property in taking the poor the widows the fatherless and the families of those who have gone into the army that the cries of the widow and the fatherless come not up into the ears of the Lord against this people Let each company prepare houses and fields for raising grain for those who are to remain behind this season and this is the will of the Lord concerning his people
"July 18, 1845 ",2 Nephi 19:6,"[(3402, 320)]",0.93908,it is a son for unto us a child is born unto us,For unto us a child is born unto us a son is given
"July 18, 1845 ",Isaiah 9:6,"[(3402, 108)]",0.93908,it is a son for unto us a child is born unto us,For unto us a child is born unto us a son is given
"January 21, 1847 ",Doctrine and Covenants 136:23,"[(7605, 681)]",0.93729,contend one with another Cease to speak evil one of another Cease drunkenness,Cease to contend one with another cease to speak evil one of another
"March 10, 1844 ",Doctrine and Covenants 128:17,"[(3849, 616)]",0.93688,to the Fathers lest I come and smite the earth with a curse,of the children to their fathers lest I come and smite the earth with a curse
"June 30, 1844 ",John 15:14,"[(3556, 225)]",0.92765,"Jesus saying ""ye are my friends if ye do whatsoever I command you[""]",Ye are my friends if ye do whatsoever I command you
"January 21, 1847 ",Doctrine and Covenants 136:25,"[(7607, 682), (7608, 683), (7609, 684)]",0.92605,thy neighbor thou shalt restore that which thou hast borrowed and if thou canst not repay then go straitway and tell thy neighbor lest he condemn thee If thou shalt find that which thy neighbor has lost thou shalt,If thou borrowest of thy neighbor thou shalt restore that which thou hast borrowed and if thou canst not repay then go straightway and tell thy neighbor lest he condemn thee If thou shalt find that which thy neighbor has lost thou shalt make diligent search till thou shalt deliver it to him again
"January 21, 1847 ",Doctrine and Covenants 136:31,"[(7619, 690), (7620, 691), (7621, 692), (7622, 693)]",0.91095,that I have for them even the glory of Zion And he that will not bear chastizment is not worthy of my Kingdom Let him that is ignorant learn wisdom by humbling himself and calling upon the Lord his God that his eyes may be opened that he may see and his,to receive the glory that I have for them even the glory of Zion and he that will not bear chastisement is not worthy of my kingdom Let him that is ignorant learn wisdom by humbling himself and calling upon the Lord his God that his eyes may be opened that he may see and his ears opened that he may hear
"January 21, 1847 ",Doctrine and Covenants 136:42,"[(7645, 706)]",0.90932,lest judgment come upon you and your faith fail you and your enemies triumph over you So no more at present Amen and Amen,your faith fail you and your enemies triumph over you So no more at present Amen and Amen
"October 19, 1851 ",Abraham 5:9,"[(9084, 733)]",0.90407,tree of knowledge of good Evil in the midst of the garden little,also in the midst of the garden and the tree of knowledge of good and evil
"February 2, 1851 ",Doctrine and Covenants 98:16,"[(8539, 535)]",0.89909,turn the hearts of the children to their fathers and the fathers to,of the children to their fathers and the hearts of the fathers to the children
"March 27, 1842 ",Doctrine and Covenants 20:73,"[(3748, 457)]",0.8971,the Name of the Father of the Son and of the Holy Ghost,name of the Father and of the Son and of the Holy Ghost Amen
"October 19, 1851 ",Moses 3:9,"[(9084, 722)]",0.89602,tree of knowledge of good Evil in the midst of the garden little,the midst of the garden and also the tree of knowledge of good and evil
"March 10, 1844 ",3 Nephi 25:6,"[(3849, 403)]",0.88956,to the Fathers lest I come and smite the earth with a curse,the heart of the children to their fathers lest I come and smite the earth with a curse
"March 10, 1844 ",Malachi 4:6,"[(3849, 178)]",0.88956,to the Fathers lest I come and smite the earth with a curse,the heart of the children to their fathers lest I come and smite the earth with a curse
"January 21, 1847 ",Doctrine and Covenants 136:26,"[(7610, 684), (7611, 685), (7612, 686)]",0.88789,make diligent search till thou shalt deliver it to him again Thou shall be diligent in preserving what thou hast that thou mayest be a wise steward for it is the free gift of the Lord thy God and,If thou shalt find that which thy neighbor has lost thou shalt make diligent search till thou shalt deliver it to him again Thou shalt be diligent in preserving what thou hast that thou mayest be a wise steward for it is the free gift of the Lord thy God and thou art his steward
"January 21, 1847 ",Doctrine and Covenants 136:36,"[(7630, 695), (7631, 696), (7632, 697), (7633, 698), (7634, 699), (7635, 700)]",0.88206,they have shed innocent blood which crieth from the ground against them Therefore marvel not at these things for ye are not yet pure thou canst not yet bear my glory but thou shalt behold it if ye are faithful in keeping all my words that I have given you from the days of Abraham Adam to Abraham from Abraham to Moses from Moses to Jesus and the Apostles and from Jesus and his Apostles to Joseph Smith,For they killed the prophets and them that were sent unto them and they have shed innocent blood which crieth from the ground against them Therefore marvel not at these things for ye are not yet pure ye can not yet bear my glory but ye shall behold it if ye are faithful in keeping all my words that I have given you from the days of Adam to Abraham from Abraham to Moses from Moses to Jesus and his apostles and from Jesus and his apostles to Joseph Smith
"September 5, 1841 ",Doctrine and Covenants 135:6,"[(4684, 649)]",0.88085,the Bible Book of Mormon and book of Doctrine and Covenants Elder W,the Book of Mormon and this book of Doctrine and Covenants of the
"March 10, 1844 ",Doctrine and Covenants 27:9,"[(3848, 472)]",0.87766,hearts of the Fathers to the Children and the hearts of the Children,of turning the hearts of the fathers to the children and the hearts
"January 21, 1844 ",Doctrine and Covenants 27:9,"[(4897, 472)]",0.87766,hearts of the fathers to the children and the hearts of the children,of turning the hearts of the fathers to the children and the hearts
"April 15, 1837 ",Deuteronomy 23:21,"[(561, 54)]",0.87159,Thou shalt labour in the Temple of the Lord thy God Thou shalt,When thou shalt vow a vow unto the Lord thy God thou shalt
"January 21, 1847 ",Doctrine and Covenants 136:28,"[(7614, 687), (7615, 688)]",0.86849,with music with dancing and with a prayer of praise and thanksgiving If thou art sorrowful call on the Lord thy God with supplication that your,If thou art merry praise the Lord with singing with music with dancing and with a prayer of praise and thanksgiving If thou art sorrowful call on the Lord thy God with supplication that your souls may be joyful
"January 13, 1856 ",Doctrine and Covenants 2:2,"[(5380, 436)]",0.86798,Fathers to the children and the hearts of the children to their Fathers,to the fathers and the hearts of the children shall turn to their fathers
"October 19, 1851 ",Genesis 2:9,"[(9084, 2)]",0.86612,tree of knowledge of good Evil in the midst of the garden little,life also in the midst of the garden and the tree of knowledge of good and evil
"February 2, 1851 ",Doctrine and Covenants 128:17,"[(8540, 616)]",0.86417,the children lest I come and smite the whole Earth with a curse,of the children to their fathers lest I come and smite the earth with a curse
"September 13, 1846 ",Isaiah 28:13,"[(7488, 116)]",0.86291,precept line upon line here a little and there a little until we,upon precept line upon line line upon line here a little and there
"March 10, 1844 ",Hebrews 6:6,"[(3904, 258)]",0.86232,the son of God afresh and put him to an open frame shame,crucify to themselves the Son of God afresh and put him to an open shame
"January 21, 1844 ",Doctrine and Covenants 98:16,"[(4897, 535)]",0.8604,hearts of the fathers to the children and the hearts of the children,of the children to their fathers and the hearts of the fathers to the children
"March 10, 1844 ",Doctrine and Covenants 98:16,"[(3848, 535)]",0.8604,hearts of the Fathers to the Children and the hearts of the Children,of the children to their fathers and the hearts of the fathers to the children
"January 21, 1847 ",Doctrine and Covenants 136:13,"[(7588, 675), (7589, 676)]",0.85808,Snow organize a company and let my servants Orson Pratt and Wilford Woodr[uff] organize a company Also let my servants Amasa Mason Lyman and George Albert,And let my servants Orson Pratt and Wilford Woodruff organize a company Also let my servants Amasa Lyman and George A Smith organize a company
"August 25, 1844 ",Job 32:8,"[(900, 93)]",0.85782,in man and the inspiration of the Almighty giveth it understanding it is,But there is a spirit in man and the inspiration of the Almighty giveth them understanding
"September 13, 1846 ",2 Nephi 28:30,"[(7488, 329)]",0.85766,precept line upon line here a little and there a little until we,of men line upon line precept upon precept here a little and there
"September 9, 1838 ",Jeremiah 31:8,"[(3582, 139)]",0.84801,travaileth with child together and a great company shall return thither I expect,the woman with child and her that travaileth with child together a great company shall return thither
"March 29, 1838 ",Matthew 12:39,"[(2638, 188)]",0.84619,that there should no sign be given but the sign of the Prophet,after a sign and there shall no sign be given to it but the sign of the prophet Jonas
"January 21, 1847 ",Doctrine and Covenants 136:21,"[(7601, 680)]",0.84555,the Lord your God even the God of your Fathers the God of,for I am the Lord your God even the God of your fathers the God of Abraham and of Isaac and of Jacob
"September 13, 1846 ",Isaiah 28:10,"[(7488, 114)]",0.84537,precept line upon line here a little and there a little until we,For precept must be upon precept precept upon precept line upon line line upon line here a little and there a little
"January 21, 1844 ",Joseph Smith--History 1:39,"[(4897, 742)]",0.84401,hearts of the fathers to the children and the hearts of the children,hearts of the children the promises made to the fathers and the hearts
"March 10, 1844 ",Joseph Smith--History 1:39,"[(3848, 742)]",0.84401,hearts of the Fathers to the Children and the hearts of the Children,hearts of the children the promises made to the fathers and the hearts
"January 21, 1847 ",Doctrine and Covenants 136:11,"[(7586, 674)]",0.8404,your flocks and in your herds and in your fields and in your,shall be blessed you shall be blessed in your flocks and in your herds and in your fields and in your houses and in your families
"December 31, 1840 ",2 Nephi 6:7,"[(1757, 304)]",0.83708,Kings that they m[a]y become their nursing fathers and Queens their nursing mothers,And kings shall be thy nursing fathers and their queens thy nursing mothers
"December 31, 1840 ",1 Nephi 21:23,"[(1757, 300)]",0.83708,Kings that they m[a]y become their nursing fathers and Queens their nursing mothers,And kings shall be thy nursing fathers and their queens thy nursing mothers
"December 31, 1840 ",Isaiah 49:23,"[(1757, 121)]",0.83708,Kings that they m[a]y become their nursing fathers and Queens their nursing mothers,And kings shall be thy nursing fathers and their queens thy nursing mothers
"September 23, 1849 ",Jeremiah 30:21,"[(7857, 132)]",0.83682,Nobles shall be of themselves And their Governor shall procede out of the,And their nobles shall be of themselves and their governor shall proceed from
"December 31, 1837 ",1 Nephi 1:14,"[(1401, 289)]",0.83444,"old ""great and marvelous are thy works ""O LORD GOD ALMIGHTY"" when I",such as Great and marvelous are thy works O Lord God Almighty! Thy
"November 18, 1855 ",Mark 3:15,"[(5839, 197)]",0.83367,have had power to heal the sick and cast out devils open the,And to have power to heal sicknesses and to cast out devils
"June 1, 1843 ",1 Corinthians 16:23,"[(4276, 241)]",0.833,the grace of Jesus Christ our Lord be and abide with you all,The grace of our Lord Jesus Christ be with you
"September 7, 1851 ",Doctrine and Covenants 68:9,"[(8772, 506)]",0.8293,is as great a Prophet and he that believeth it may be saved and he that believeth it not will be damned,And he that believeth and is baptized shall be saved and he that believeth not shall be damned
"October 20, 1855 ",Luke 2:11,"[(5873, 205)]",0.82879,"in the City of David A Saviour which is Christ the Lord"" This",For unto you is born this day in the city of David a Saviour which is Christ the Lord
"January 21, 1844 ",Doctrine and Covenants 128:17,"[(4898, 616)]",0.82775,to their fathers lest I come and smite the whole earth with a,of the children to their fathers lest I come and smite the earth with a curse
"March 24, 1844 ",Alma 5:52,"[(4096, 368)]",0.82706,is laid unto the root of the tree and evry tree that bringeth,laid at the root of the tree therefore every tree that bringeth not
"April 30, 1846 ",Psalms 8:4,"[(7152, 94)]",0.82678,is man that thou art mindful of him or the sun of man,What is man that thou art mindful of him and the son of man that thou visitest him
"September 10, 1843 ",Jeremiah 31:6,"[(5152, 136)]",0.8256,might cry arise ye and let us go up unto zion the city,shall cry Arise ye and let us go up to Zion unto the Lord our God
"January 4, 1852 ",Doctrine and Covenants 64:10,"[(9406, 503)]",0.82231,forgive ^it^ for I cannot if the Lord will forgive you I will,I the Lord will forgive whom I will forgive but of you it is required to forgive all men
"September 7, 1851 ",Mormon 9:23,"[(8772, 410)]",0.82219,is as great a Prophet and he that believeth it may be saved and he that believeth it not will be damned,And he that believeth and is baptized shall be saved but he that believeth not shall be damned
"September 10, 1843 ",Isaiah 11:11,"[(5139, 111)]",0.82134,hand again the second time to recover the remnant of his people assemble,set his hand again the second time to recover the remnant of his
"September 10, 1843 ",2 Nephi 21:11,"[(5139, 323)]",0.82134,hand again the second time to recover the remnant of his people assemble,set his hand again the second time to recover the remnant of his
"February 2, 1851 ",Malachi 4:6,"[(8540, 178)]",0.82118,the children lest I come and smite the whole Earth with a curse,the heart of the children to their fathers lest I come and smite the earth with a curse
"February 2, 1851 ",3 Nephi 25:6,"[(8540, 403)]",0.82118,the children lest I come and smite the whole Earth with a curse,the heart of the children to their fathers lest I come and smite the earth with a curse
"September 7, 1851 ",Mark 16:16,"[(8772, 200)]",0.81974,is as great a Prophet and he that believeth it may be saved and he that believeth it not will be damned,He that believeth and is baptized shall be saved but he that believeth not shall be damned
"January 21, 1847 ",Doctrine and Covenants 136:37,"[(7637, 701), (7638, 702)]",0.81598,by mine own voice out of the Heavens to bring forth my work which foundation he did lay and was faithful and I took him to,whom I did call upon by mine angels my ministering servants and by mine own voice out of the heavens to bring forth my work Which foundation he did lay and was faithful and I took him to myself
"August 20, 1843 ",Revelation 16:3,"[(3075, 281)]",0.81326,died in the sea and the third angel poured out his vial upon,And the second angel poured out his vial upon the sea and it
"October 20, 1855 ",Luke 2:10,"[(5871, 204)]",0.81322,them fear not for behold I bring you good tidings of great Joy,And the angel said unto them Fear not for behold I bring you good tidings of great joy which shall be to all people
"January 21, 1847 ",Doctrine and Covenants 136:3,"[(7566, 660)]",0.81305,Captains of Hundreds Captains of Fifties and Captains of Tens with a President,Let the companies be organized with captains of hundreds captains of fifties and
"January 22, 1843 ",Matthew 16:18,"[(2795, 191)]",0.80856,this rock I will build my Church and the gates of hell shall,rock I will build my church and the gates of hell shall not prevail against it
"January 3, 1838 ",John 15:13,"[(1584, 224)]",0.80773,love hath any man than that he lay down his life for his,Greater love hath no man than this that a man lay down his life for his friends
"April 9, 1852 ",Jude 1:6,"[(10048, 271)]",0.80689,were reserved in everlasting chains of darkness unto the judgment of the great,habitation he hath reserved in everlasting chains under darkness unto the judgment of the great day
"March 10, 1844 ",Doctrine and Covenants 98:16,"[(3858, 535)]",0.80663,to seal the children to the fathers and fathers to the children now,of the children to their fathers and the hearts of the fathers to the children
"September 9, 1843 ",Judges 10:6,"[(1174, 64)]",0.80609,to take away the gods of the gods of the gentiles the Lord,gods of Zidon and the gods of Moab and the gods of the
"August 20, 1843 ",Revelation 16:6,"[(3078, 283)]",0.80345,blood of Saints and Prophets and thou hast given them blood to drink,For they have shed the blood of saints and prophets and thou hast given them blood to drink for they are worthy
"January 13, 1841 ",Moroni 10:4,"[(2677, 428)]",0.80331,I ask God the Eternal Father in the name of Jesus Christ to,would ask God the Eternal Father in the name of Christ if these
"April 15, 1837 ",Deuteronomy 4:29,"[(561, 40)]",0.79685,Thou shalt labour in the Temple of the Lord thy God Thou shalt,But if from thence thou shalt seek the Lord thy God thou shalt
"December 4, 1853 ",Matthew 7:1,"[(11020, 184)]",0.79309,from this text Judge not that ye be not Judged He gave much,Judge not that ye be not judged
"September 15, 1872 ",Revelation 10:10,"[(6999, 278)]",0.7926,"my mouth sweet as Honey but in my belly it was bitter"" He",it up and it was in my mouth sweet as honey and as soon as I had eaten it my belly was bitter
"November 11, 1855 ",Matthew 6:10,"[(5794, 183)]",0.79249,"thy will be done on Earth as it is done in heaven[""] was",Thy kingdom come Thy will be done in earth as it is in heaven
"January 13, 1856 ",3 Nephi 25:5,"[(5378, 401)]",0.79244,will send you Elijah the prophet before the coming of the great and,Behold I will send you Elijah the prophet before the coming of the great and dreadful day of the Lord
"January 13, 1856 ",Malachi 4:5,"[(5378, 176)]",0.79244,will send you Elijah the prophet before the coming of the great and,Behold I will send you Elijah the prophet before the coming of the great and dreadful day of the Lord
"January 30, 1853 ",Numbers 32:33,"[(10880, 36)]",0.79035,the kingdom of the Kingdom of God and the priesthood and Kingdom of,of Joseph the kingdom of Sihon king of the Amorites and the kingdom
"January 21, 1847 ",Doctrine and Covenants 136:40,"[(7642, 703), (7643, 704)]",0.78908,your enemies only in that I have left a witness of my name Now therefore harken O ye people of my church and ye Elders listen,Have I not delivered you from your enemies only in that I have left a witness of my name Now therefore hearken O ye people of my church and ye elders listen together you have received my kingdom
"August 20, 1843 ",Revelation 16:3,"[(3073, 281), (3074, 282)]",0.78721,ch 3 v that he poured out his vial upon the sea and it became as the blood of a dead man and evry living soul,And the second angel poured out his vial upon the sea and it became as the blood of a dead man and every living soul died in the sea
"April 7, 1844 ",Luke 15:7,"[(254, 214)]",0.7872,joy over one sinner that repenteth than over ninety and nine just persons,sinner that repenteth more than over ninety and nine just persons which need no repentance
"September 7, 1851 ",Doctrine and Covenants 112:29,"[(8772, 571)]",0.787,is as great a Prophet and he that believeth it may be saved and he that believeth it not will be damned,And he that believeth and is baptized shall be saved and he that believeth not and is not baptized shall be damned
"June 21, 1840 ",3 Nephi 9:2,"[(4230, 386)]",0.78562,of God neither have ye sought to recover Israel WO WO WO unto,Wo wo wo unto this people wo unto the inhabitants of the whole
"October 12, 1856 ",Joseph Smith--History 1:71,"[(5192, 763)]",0.7856,Woodruff laid hands upon his head and ordained him to the office of,baptized meafter which I laid my hands upon his head and ordained him
"January 21, 1847 ",Exodus 3:15,"[(7601, 11)]",0.78495,the Lord your God even the God of your Fathers the God of,of Israel The Lord God of your fathers the God of Abraham the
"September 27, 1838 ",2 Corinthians 5:7,"[(4922, 242)]",0.7849,day as we must walk by faith not by sight until he is,For we walk by faith not by sight
"January 21, 1844 ",3 Nephi 25:6,"[(4898, 403)]",0.78228,to their fathers lest I come and smite the whole earth with a,the heart of the children to their fathers lest I come and smite the earth with a curse
"January 21, 1844 ",Malachi 4:6,"[(4898, 178)]",0.78228,to their fathers lest I come and smite the whole earth with a,the heart of the children to their fathers lest I come and smite the earth with a curse
"February 15, 1849 ",1 Nephi 14:14,"[(7747, 299)]",0.78035,armed with righteousness in the power of God in great glory May all,upon all the face of the earth and they were armed with righteousness and with the power of God in great glory
"July 2, 1840 ",Doctrine and Covenants 138:33,"[(3442, 708)]",0.78018,repentance for remission of Sins and the gift of the Holy Ghost by,remission of sins the gift of the Holy Ghost by the laying on of hands
"March 10, 1844 ",Mark 1:3,"[(3793, 195)]",0.77614,the wilderness prepare ye the way of the Lord and make his paths,The voice of one crying in the wilderness Prepare ye the way of the Lord make his paths straight
"March 10, 1844 ",Matthew 3:3,"[(3793, 180)]",0.77614,the wilderness prepare ye the way of the Lord and make his paths,The voice of one crying in the wilderness Prepare ye the way of the Lord make his paths straight
"January 21, 1847 ",Doctrine and Covenants 136:34,"[(7625, 694)]",0.77567,the ungodly Thy brethren have rejected you and your testimony even the Nation,Thy brethren have rejected you and your testimony even the nation that has driven you out
"November 18, 1855 ",Doctrine and Covenants 84:69,"[(5840, 518)]",0.77559,eyes of the blind unstop the ears of the deaf cause the lame,In my name they shall open the eyes of the blind and unstop the ears of the deaf
"September 8, 1851 ",Numbers 15:3,"[(8820, 31)]",0.7753,the Lord Bring an offering to the Lord I will make an Offering,And will make an offering by fire unto the Lord a burnt offering
"September 9, 1843 ",Doctrine and Covenants 43:24,"[(1142, 484)]",0.77383,gathereth her chickens under her wings but they would not God and Angels,together as a hen gathereth her chickens under her wings but ye would not!
"March 29, 1838 ",Luke 11:29,"[(2638, 211)]",0.77382,that there should no sign be given but the sign of the Prophet,is an evil generation they seek a sign and there shall no sign be given it but the sign of Jonas the prophet
"January 21, 1847 ",1 Kings 6:1,"[(7603, 69)]",0.77314,children of Israel out of the Land of Egypt and my arm is,the children of Israel were come out of the land of Egypt in
"October 26, 1840 ",Job 1:21,"[(4861, 91)]",0.77292,gave and the Lord hath taken away and blessed be the name of,I return thither the Lord gave and the Lord hath taken away blessed be the name of the Lord
"January 21, 1847 ",Doctrine and Covenants 136:17,"[(7594, 678)]",0.7728,I have told you and fear not thine enemies for they shall not,Go thy way and do as I have told you and fear not thine enemies for they shall not have power to stop my work
"June 1, 1843 ",Romans 16:24,"[(4276, 238)]",0.77175,the grace of Jesus Christ our Lord be and abide with you all,The grace of our Lord Jesus Christ be with you all Amen
"June 1, 1843 ",Revelation 22:21,"[(4276, 286)]",0.77175,the grace of Jesus Christ our Lord be and abide with you all,The grace of our Lord Jesus Christ be with you all Amen
"June 1, 1843 ",Philippians 4:23,"[(4276, 246)]",0.77175,the grace of Jesus Christ our Lord be and abide with you all,The grace of our Lord Jesus Christ be with you all Amen
"June 1, 1843 ",2 Thessalonians 3:18,"[(4276, 254)]",0.77175,the grace of Jesus Christ our Lord be and abide with you all,The grace of our Lord Jesus Christ be with you all Amen
"December 31, 1840 ",Psalms 84:10,"[(1881, 96)]",0.77116,of God than to dwell in the tents of wickedness I felt much,rather be a doorkeeper in the house of my God than to dwell in the tents of wickedness
"December 31, 1836 ",Doctrine and Covenants 1:38,"[(27, 433)]",0.77011,to show that though the heavens and earth pass away the word of,myself and though the heavens and the earth pass away my word shall
"January 13, 1856 ",Doctrine and Covenants 128:17,"[(5381, 616)]",0.76799,"lest I come and smite the Earth with a curse"" Abram received the",of the children to their fathers lest I come and smite the earth with a curse
"December 20, 1850 ",Deuteronomy 33:17,"[(8481, 57)]",0.76753,one of the Horns of Joseph to push the people together to the,like the horns of unicorns with them he shall push the people together
"March 7, 1844 ",2 Nephi 27:32,"[(2959, 326)]",0.76731,and will make a man an offender for a word But I will,And they that make a man an offender for a word and lay
"March 3, 1840 ",Doctrine and Covenants 98:16,"[(2840, 535)]",0.76503,fathers to the children and the children to the Fathers which fulfills the,of the children to their fathers and the hearts of the fathers to the children
"January 21, 1847 ",Doctrine and Covenants 136:5,"[(7570, 662), (7571, 663)]",0.76474,Teams waggons provisions clothing and other necessaries for the journey that they can When the companies are organized let them go to with their might to,Let each company provide themselves with all the teams wagons provisions clothing and other necessaries for the journey that they can When the companies are organized let them go to with their might to prepare for those who are to tarry
"January 21, 1847 ",Doctrine and Covenants 136:1,"[(7561, 656)]",0.76465,The word and will of the Lord concerning the camp of Israel In,The Word and Will of the Lord concerning the Camp of Israel in their journeyings to the West
"April 15, 1837 ",John 21:18,"[(561, 227)]",0.7646,Thou shalt labour in the Temple of the Lord thy God Thou shalt,and walkedst whither thou wouldest but when thou shalt be old thou shalt
"September 10, 1843 ",Ephesians 4:12,"[(5060, 244)]",0.76459,the work of the ministry and the edifying of the body of Christ,For the perfecting of the saints for the work of the ministry for the edifying of the body of Christ
"April 27, 1847 ",Joshua 15:61,"[(10116, 59)]",0.7645,the wilderness we ar now in a tabernacle in the wilderness and getting,In the wilderness Betharabah Middin and Secacah
"April 15, 1837 ",John 21:18,"[(557, 227)]",0.76073,thee Thou shalt have long life and see good days Thou shalt be,and walkedst whither thou wouldest but when thou shalt be old thou shalt
"January 13, 1856 ",Doctrine and Covenants 2:2,"[(5402, 436)]",0.76072,will turn the hearts of the children to the Ancient Fathers and the,to the fathers and the hearts of the children shall turn to their fathers
"June 23, 1870 ",Doctrine and Covenants 135:6,"[(6809, 649)]",0.76052,the Bible Doctrine and Covenants and in the Book of Mormon the Blessings,the Book of Mormon and this book of Doctrine and Covenants of the
"October 20, 1855 ",2 Nephi 31:21,"[(5899, 336)]",0.75846,other name given under Heaven whereby men can be saved we have no,none other way nor name given under heaven whereby man can be saved
"September 5, 1841 ",Joseph Smith--History 1:3,"[(4776, 735)]",0.75804,in the year of our Lord one thousand eight hundred and thirty six,I was born in the year of our Lord one thousand eight hundred
"September 8, 1851 ",2 Nephi 9:28,"[(8848, 312)]",0.75733,of God and they think they are in it when they have not,frailties and the foolishness of men! When they are learned they think they
"October 9, 1851 ",1 John 5:3,"[(9050, 266)]",0.75626,for we have to keep all the commandments of God if commandments are,For this is the love of God that we keep his commandments and his commandments are not grievous
"April 15, 1837 ",Doctrine and Covenants 42:54,"[(561, 482)]",0.75613,Thou shalt labour in the Temple of the Lord thy God Thou shalt,Thou shalt not take thy brother's garment thou shalt pay for that which thou shalt receive of thy brother
"February 3, 1854 ",1 Thessalonians 4:17,"[(6732, 252)]",0.75594,meet the Lord in the air when he shall come in the clouds,them in the clouds to meet the Lord in the air and so shall we ever be with the Lord
"December 31, 1849 ",Doctrine and Covenants 101:89,"[(8279, 537)]",0.75554,place and in his fury He will vex the Nation And in his,come forth out of his hiding place and in his fury vex the nation
"March 10, 1844 ",Acts 3:19,"[(3927, 232)]",0.75418,your sins may be blotted out when the times of refreshing shall come,Repent ye therefore and be converted that your sins may be blotted out when the times of refreshing shall come from the presence of the Lord
"February 2, 1851 ",Luke 1:17,"[(8539, 202)]",0.75108,turn the hearts of the children to their fathers and the fathers to,to turn the hearts of the fathers to the children and the disobedient
"March 10, 1844 ",Hebrews 6:5,"[(3902, 256)]",0.75002,and tasted of the powers of the world to come if they shall,And have tasted the good word of God and the powers of the world to come
"January 22, 1843 ",Doctrine and Covenants 27:7,"[(2755, 470)]",0.74868,have a son whose name should be John and he should be filled,gave promise that he should have a son and his name should be John and he should be filled with the spirit of Elias
"April 15, 1837 ",Deuteronomy 10:20,"[(561, 42)]",0.74852,Thou shalt labour in the Temple of the Lord thy God Thou shalt,Thou shalt fear the Lord thy God him shalt thou serve and to him shalt thou cleave and swear by his name
"September 10, 1843 ",2 Peter 1:21,"[(5135, 263)]",0.7485,God spake as they were moved upon by the Holy Ghost Isaiah soul,but holy men of God spake as they were moved by the Holy Ghost
"February 12, 1853 ",Ecclesiastes 7:2,"[(10956, 101)]",0.7478,for that is the end of all men and the living will lay,to the house of feasting for that is the end of all men and the living will lay it to his heart
"March 27, 1842 ",Doctrine and Covenants 128:16,"[(3745, 607)]",0.7478,"baptized for the dead if the dead rise not and"" if their is",which are baptized for the dead if the dead rise not at all Why are they then baptized for the dead
"January 21, 1847 ",Exodus 3:16,"[(7601, 15)]",0.7477,the Lord your God even the God of your Fathers the God of,Lord God of your fathers the God of Abraham of Isaac and of
"April 30, 1843 ",John 3:5,"[(3657, 221)]",0.74632,and the spirit you cannot enter into the kingdom of God saith the,of water and of the Spirit he cannot enter into the kingdom of God
"January 1, 1853 ",Doctrine and Covenants 132:19,"[(10806, 622)]",0.74576,they should come forth in the morning of the first Resurrection and be,come forth in the first resurrection and if it be after the first
"August 27, 1844 ",Doctrine and Covenants 6:8,"[(1007, 440)]",0.74553,shall be the means of doing much good for you shall have the,it shall be unto you and if you desire you shall be the means of doing much good in this generation
"April 15, 1837 ",Doctrine and Covenants 28:15,"[(557, 474)]",0.74453,thee Thou shalt have long life and see good days Thou shalt be,And it shall be given thee from the time thou shalt go until the time thou shalt return what thou shalt do
"August 20, 1843 ",Revelation 20:9,"[(3047, 285)]",0.74423,Camp of the Saints and the Beloved City and fire came down from,camp of the saints about and the beloved city and fire came down from God out of heaven and devoured them
"August 5, 1838 ",Doctrine and Covenants 63:58,"[(3561, 501)]",0.74417,it to be a day of warning and not of many words this,For this is a day of warning and not a day of many
"June 1, 1843 ",1 Thessalonians 5:28,"[(4276, 253)]",0.74307,the grace of Jesus Christ our Lord be and abide with you all,The grace of our Lord Jesus Christ be with you Amen
"October 8, 1867 ",Doctrine and Covenants 136:2,"[(7109, 657)]",0.74235,Snow The Authorities of the Church of Jesus Christ of Latterday Saints were,Let all the people of The Church of Jesus Christ of Latterday Saints
"April 15, 1837 ",Luke 4:8,"[(561, 209)]",0.74225,Thou shalt labour in the Temple of the Lord thy God Thou shalt,it is written Thou shalt worship the Lord thy God and him only shalt thou serve
"March 10, 1844 ",Moses 7:10,"[(3849, 727)]",0.74214,to the Fathers lest I come and smite the earth with a curse,themRepent lest I come out and smite them with a curse and they die
"October 2, 1840 ",Doctrine and Covenants 76:6,"[(4955, 509)]",0.73944,given unto the[e] and great shall be thy reward and eternal shall be,Great shall be their reward and eternal shall be their glory
"October 21, 1855 ",Isaiah 40:9,"[(5671, 118)]",0.73939,the[e] up into the High mountains that bringest good tidings we say that,O Zion that bringest good tidings get thee up into the high mountain
"August 20, 1843 ",Doctrine and Covenants 5:22,"[(3116, 438)]",0.73913,grant unto you eternal life if you should be slain Page 126 1,you and if you do this behold I grant unto you eternal life even if you should be slain
"December 31, 1870 ",Doctrine and Covenants 138:53,"[(6860, 712)]",0.7379,to the Prophet Joseph Smith Jr 5 to Hyrum Smith 4 to Father,The Prophet Joseph Smith and my father Hyrum Smith Brigham Young John Taylor
"October 21, 1855 ",Doctrine and Covenants 88:95,"[(5730, 530)]",0.73783,can loose them then shall the curtain of Heaven be unfolded as a,hour and immediately after shall the curtain of heaven be unfolded as a
"June 5, 1837 ",Doctrine and Covenants 136:2,"[(594, 657)]",0.73772,the Church of Jesus Christ of Latterday Saints had it not been for,Let all the people of The Church of Jesus Christ of Latterday Saints
"April 7, 1844 ",Doctrine and Covenants 138:48,"[(426, 710)]",0.73769,and our dead for the fulness of the dispensation of times A dispensation,in the dispensation of the fulness of times for the redemption of the
"April 30, 1854 ",Isaiah 5:5,"[(6355, 105)]",0.73767,will now tell this people what they should do I will tell the,And now go to I will tell you what I will do to
"April 30, 1854 ",2 Nephi 15:5,"[(6355, 317)]",0.73767,will now tell this people what they should do I will tell the,And now go to I will tell you what I will do to
"January 21, 1847 ",Doctrine and Covenants 136:15,"[(7566, 677)]",0.73706,Captains of Hundreds Captains of Fifties and Captains of Tens with a President,And appoint presidents and captains of hundreds and of fifties and of tens
"January 4, 1852 ",1 John 5:16,"[(9472, 269)]",0.73656,is not unto death their is a sin unto death which we were,sin not unto death There is a sin unto death I do not say that he shall pray for it
"June 25, 1843 ",Doctrine and Covenants 128:16,"[(4387, 607)]",0.7356,Apostle said why then are ye baptized for the dead if the dead,which are baptized for the dead if the dead rise not at all Why are they then baptized for the dead
"March 27, 1842 ",Doctrine and Covenants 68:8,"[(3748, 505)]",0.73554,the Name of the Father of the Son and of the Holy Ghost,in the authority which I have given you baptizing in the name of the Father and of the Son and of the Holy Ghost
"April 15, 1837 ",Romans 13:9,"[(561, 235)]",0.73494,Thou shalt labour in the Temple of the Lord thy God Thou shalt,For this Thou shalt not commit adultery Thou shalt not kill Thou shalt
"February 2, 1851 ",Moses 7:10,"[(8540, 727)]",0.73352,the children lest I come and smite the whole Earth with a curse,themRepent lest I come out and smite them with a curse and they die
"April 15, 1837 ",Ezekiel 38:8,"[(557, 149)]",0.73182,thee Thou shalt have long life and see good days Thou shalt be,After many days thou shalt be visited in the latter years thou shalt
"January 13, 1856 ",Malachi 4:6,"[(5381, 178)]",0.73058,"lest I come and smite the Earth with a curse"" Abram received the",the heart of the children to their fathers lest I come and smite the earth with a curse
"January 13, 1856 ",3 Nephi 25:6,"[(5381, 403)]",0.73058,"lest I come and smite the Earth with a curse"" Abram received the",the heart of the children to their fathers lest I come and smite the earth with a curse
"October 7, 1867 ",Doctrine and Covenants 135:6,"[(7018, 649)]",0.73039,To learn the Bible Book of Mormon and Doctrine and Covenants and all,the Book of Mormon and this book of Doctrine and Covenants of the
"February 18, 1855 ",Doctrine and Covenants 1:31,"[(6116, 431)]",0.73002,that we may not look upon sin with any degree of allowance of,For I the Lord cannot look upon sin with the least degree of allowance
"December 31, 1849 ",Isaiah 65:21,"[(8370, 128)]",0.72946,Houses and inhabit them plant vineyards and eat the fruit thereof I Pray,And they shall build houses and inhabit them and they shall plant vineyards and eat the fruit of them
"August 27, 1844 ",Doctrine and Covenants 11:8,"[(1007, 442)]",0.72938,shall be the means of doing much good for you shall have the,it shall be done unto you and if you desire you shall be the means of doing much good in this generation
"March 10, 1844 ",Luke 3:4,"[(3793, 207)]",0.72904,the wilderness prepare ye the way of the Lord and make his paths,prophet saying The voice of one crying in the wilderness Prepare ye the way of the Lord make his paths straight
"March 27, 1842 ",Moses 7:11,"[(3748, 730)]",0.72833,the Name of the Father of the Son and of the Holy Ghost,and truth and of the Holy Ghost which beareth record of the Father and the Son
"September 10, 1843 ",Luke 21:24,"[(5123, 216)]",0.72788,be trodden down of the gentiles until the times of the gentiles be,led away captive into all nations and Jerusalem shall be trodden down of the Gentiles until the times of the Gentiles be fulfilled
"September 5, 1841 ",Doctrine and Covenants 20:77,"[(4758, 458)]",0.72787,AMEN O GOD THE Eternal Father I ASK THE IN THE NAME OF,O God the Eternal Father we ask thee in the name of thy
"September 5, 1841 ",Doctrine and Covenants 20:79,"[(4758, 464)]",0.72787,AMEN O GOD THE Eternal Father I ASK THE IN THE NAME OF,O God the Eternal Father we ask thee in the name of thy
"September 5, 1841 ",Moroni 5:2,"[(4758, 421)]",0.72787,AMEN O GOD THE Eternal Father I ASK THE IN THE NAME OF,O God the Eternal Father we ask thee in the name of thy
"September 5, 1841 ",Moroni 4:3,"[(4758, 415)]",0.72787,AMEN O GOD THE Eternal Father I ASK THE IN THE NAME OF,O God the Eternal Father we ask thee in the name of thy
"June 24, 1845 ",Doctrine and Covenants 136:2,"[(4592, 657)]",0.72754,the Bishop of the Church of Jesus Christ of Latterday Saints in Clay,Let all the people of The Church of Jesus Christ of Latterday Saints
"December 20, 1850 ",Genesis 26:3,"[(8459, 6)]",0.72708,thee and reveal unto thee thy duty yea and give unto thee many,thee for unto thee and unto thy seed I will give all these
"February 2, 1851 ",Doctrine and Covenants 110:15,"[(8539, 566)]",0.72707,turn the hearts of the children to their fathers and the fathers to,To turn the hearts of the fathers to the children and the children to the fathers lest the whole earth be smitten with a curse
"March 4, 1842 ",2 Nephi 19:6,"[(1591, 320)]",0.72611,minutes past 10 oclock unto us a child is given! unto us a,For unto us a child is born unto us a son is given
"March 4, 1842 ",Isaiah 9:6,"[(1591, 108)]",0.72611,minutes past 10 oclock unto us a child is given! unto us a,For unto us a child is born unto us a son is given
"December 20, 1850 ",Genesis 17:8,"[(8459, 3)]",0.72585,thee and reveal unto thee thy duty yea and give unto thee many,And I will give unto thee and to thy seed after thee the
"October 20, 1855 ",Matthew 10:6,"[(5917, 186)]",0.7257,the lost sheep of the House of Israel He must also go and,But go rather to the lost sheep of the house of Israel
"April 30, 1846 ",Hebrews 2:6,"[(7152, 255)]",0.72471,is man that thou art mindful of him or the sun of man,But one in a certain place testified saying What is man that thou art mindful of him or the son of man that thou visitest him
"January 20, 1872 ",Job 32:8,"[(6945, 93)]",0.72366,to the saints The inspiration of the Almighty which giveth the spirit of,But there is a spirit in man and the inspiration of the Almighty giveth them understanding
"January 13, 1856 ",Doctrine and Covenants 27:9,"[(5380, 472)]",0.72318,Fathers to the children and the hearts of the children to their Fathers,of turning the hearts of the fathers to the children and the hearts
"June 2, 1836 ",Doctrine and Covenants 109:4,"[(4804, 555)]",0.72285,her father O God I ask thee in the name of Christ to,And now we ask thee Holy Father in the name of Jesus Christ
"January 21, 1847 ",Deuteronomy 12:12,"[(7586, 44)]",0.72229,your flocks and in your herds and in your fields and in your,and your daughters and your menservants and your maidservants and the Levite that
"March 4, 1849 ",1 Corinthians 12:27,"[(7823, 240)]",0.722,of the body of Christ And members in particular I told them I,Now ye are the body of Christ and members in particular
"April 15, 1837 ",Deuteronomy 18:13,"[(561, 53)]",0.72177,Thou shalt labour in the Temple of the Lord thy God Thou shalt,Thou shalt be perfect with the Lord thy God
"April 7, 1844 ",Joel 2:29,"[(274, 164)]",0.72135,things and I will in the last days pour out my spirit upon,And also upon the servants and upon the handmaids in those days will I pour out my spirit
"June 11, 1843 ",Matthew 15:14,"[(4337, 189)]",0.72027,blind may lead the blind and both fall into the deatch together Their,Let them alone they be blind leaders of the blind And if the blind lead the blind both shall fall into the ditch
"July 16, 1843 ",Philippians 3:14,"[(3003, 245)]",0.71945,mark or the prize of the high calling in Christ Jesus we found,I press toward the mark for the prize of the high calling of God in Christ Jesus
"January 4, 1852 ",Moses 7:11,"[(9428, 730)]",0.71849,God the Father the Son and the Holy Ghost that bears record of,and truth and of the Holy Ghost which beareth record of the Father and the Son
"September 10, 1843 ",Jacob 6:8,"[(5045, 349)]",0.71842,by the power of God and the gift of the Holy Ghost events,of Christ and the power of God and the gift of the Holy
"January 13, 1856 ",Doctrine and Covenants 138:48,"[(5407, 709)]",0.71802,work be done it will be done in Temples in our day and,Foreshadowing the great work to be done in the temples of the Lord
"December 20, 1850 ",Revelation 7:4,"[(8403, 276)]",0.71775,of the one hundred and forty four thousand sealed out of the Twelve,sealed an hundred and forty and four thousand of all the tribes of the children of Israel
"October 22, 1840 ",Psalms 137:5,"[(4991, 97)]",0.7173,of my mouth and my right hand forget her cunning when I will,If I forget thee O Jerusalem let my right hand forget her cunning
"July 23, 1835 ",2 Corinthians 11:29,"[(2535, 243)]",0.7172,same who is weak and I not weack who is offended and I,Who is weak and I am not weak who is offended and I burn not
"August 8, 1844 ",2 Corinthians 5:7,"[(3184, 242)]",0.71698,you called to walk by faith not by sight for always before you,For we walk by faith not by sight
"December 20, 1850 ",Ezekiel 39:4,"[(8459, 154)]",0.71594,thee and reveal unto thee thy duty yea and give unto thee many,and the people that is with thee I will give thee unto the
"April 15, 1837 ",Deuteronomy 16:11,"[(561, 49)]",0.71593,Thou shalt labour in the Temple of the Lord thy God Thou shalt,And thou shalt rejoice before the Lord thy God thou and thy son
"March 10, 1844 ",Doctrine and Covenants 2:2,"[(3848, 436)]",0.71523,hearts of the Fathers to the Children and the hearts of the Children,to the fathers and the hearts of the children shall turn to their fathers
"January 21, 1844 ",Doctrine and Covenants 2:2,"[(4897, 436)]",0.71523,hearts of the fathers to the children and the hearts of the children,to the fathers and the hearts of the children shall turn to their fathers
"July 2, 1840 ",Articles of Faith 1:4,"[(3442, 767)]",0.71496,repentance for remission of Sins and the gift of the Holy Ghost by,the remission of sins fourth Laying on of hands for the gift of the Holy Ghost
"September 21, 1840 ",Acts 3:13,"[(1334, 229)]",0.71471,of life and health and of Abraham of Isaac and of Jacob I,The God of Abraham and of Isaac and of Jacob the God of
"April 6, 1871 ",Doctrine and Covenants 136:2,"[(6866, 657)]",0.71406,Church of Jesus Christ of Latterday Saints in the New Tabernacle at 10,Let all the people of The Church of Jesus Christ of Latterday Saints
"August 16, 1844 ",Doctrine and Covenants 135:6,"[(3390, 649)]",0.71382,the bible Book of Mormon or Doctrine and Covenants or any of the,the Book of Mormon and this book of Doctrine and Covenants of the
"April 15, 1837 ",Job 5:24,"[(561, 92)]",0.71378,Thou shalt labour in the Temple of the Lord thy God Thou shalt,And thou shalt know that thy tabernacle shall be in peace and thou shalt visit thy habitation and shalt not sin
"July 29, 1843 ",Colossians 1:18,"[(3019, 247)]",0.71377,in the Church and that he is at the head of the Church,And he is the head of the body the church who is the
"June 21, 1840 ",Ezekiel 31:1,"[(4111, 147)]",0.7133,the 15th Day of the third month of the eleventh year of the,And it came to pass in the eleventh year in the third month
"January 21, 1847 ",Deuteronomy 23:21,"[(7609, 54)]",0.71329,thee If thou shalt find that which thy neighbor has lost thou shalt,When thou shalt vow a vow unto the Lord thy God thou shalt
"January 21, 1847 ",Exodus 6:13,"[(7603, 18)]",0.7132,children of Israel out of the Land of Egypt and my arm is,charge unto the children of Israel and unto Pharaoh king of Egypt to bring the children of Israel out of the land of Egypt
"September 5, 1841 ",Doctrine and Covenants 20:1,"[(4776, 449)]",0.71243,in the year of our Lord one thousand eight hundred and thirty six,thousand eight hundred and thirty years since the coming of our Lord and
"January 13, 1841 ",Doctrine and Covenants 20:79,"[(2677, 464)]",0.71237,I ask God the Eternal Father in the name of Jesus Christ to,O God the Eternal Father we ask thee in the name of thy
"January 13, 1841 ",Doctrine and Covenants 20:77,"[(2677, 458)]",0.71237,I ask God the Eternal Father in the name of Jesus Christ to,O God the Eternal Father we ask thee in the name of thy
"January 13, 1841 ",Moroni 5:2,"[(2677, 421)]",0.71237,I ask God the Eternal Father in the name of Jesus Christ to,O God the Eternal Father we ask thee in the name of thy
"January 13, 1841 ",Moroni 4:3,"[(2677, 415)]",0.71237,I ask God the Eternal Father in the name of Jesus Christ to,O God the Eternal Father we ask thee in the name of thy
"April 15, 1837 ",Doctrine and Covenants 28:15,"[(561, 474)]",0.7123,Thou shalt labour in the Temple of the Lord thy God Thou shalt,And it shall be given thee from the time thou shalt go until the time thou shalt return what thou shalt do
"December 31, 1836 ",Ezekiel 30:20,"[(50, 145)]",0.71205,day of the first month of the Eleventh year of the Church the,And it came to pass in the eleventh year in the first month
"September 5, 1837 ",Doctrine and Covenants 58:58,"[(3538, 497)]",0.71107,of Joseph Smith Jr Oliver Cowdery Sidney Rigdon and of the Twelve and,Sidney Rigdon and Joseph Smith Jun return and also Oliver Cowdery with them
"January 13, 1856 ",Moses 7:10,"[(5381, 727)]",0.7108,"lest I come and smite the Earth with a curse"" Abram received the",themRepent lest I come out and smite them with a curse and they die
"October 20, 1855 ",Doctrine and Covenants 76:112,"[(5927, 515)]",0.70939,where God and Christ and celestial saints dwell they cannot come worlds without,And they shall be servants of the Most High but where God and Christ dwell they cannot come worlds without end
"January 13, 1856 ",Jacob 3:7,"[(5258, 344)]",0.70918,their wives wives their husbands children their parents and parents their children Brothers,their husbands and their wives love their children and their unbelief and their
"September 5, 1841 ",Moroni 10:4,"[(4758, 428)]",0.70878,AMEN O GOD THE Eternal Father I ASK THE IN THE NAME OF,would ask God the Eternal Father in the name of Christ if these
"February 12, 1841 ",Revelation 1:9,"[(2601, 274)]",0.70877,for the Word of God and the testimony of Jesus Christ by so,called Patmos for the word of God and for the testimony of Jesus Christ
"June 2, 1836 ",Doctrine and Covenants 20:79,"[(4804, 464)]",0.70825,her father O God I ask thee in the name of Christ to,O God the Eternal Father we ask thee in the name of thy
"June 2, 1836 ",Doctrine and Covenants 20:77,"[(4804, 458)]",0.70825,her father O God I ask thee in the name of Christ to,O God the Eternal Father we ask thee in the name of thy
"June 2, 1836 ",Moroni 5:2,"[(4804, 421)]",0.70825,her father O God I ask thee in the name of Christ to,O God the Eternal Father we ask thee in the name of thy
"June 2, 1836 ",Moroni 4:3,"[(4804, 415)]",0.70825,her father O God I ask thee in the name of Christ to,O God the Eternal Father we ask thee in the name of thy
"June 11, 1843 ",3 Nephi 10:5,"[(4281, 392)]",0.70818,Jews how oft would I have gatherd you togetherd as a hen gathereth,And again how oft would I have gathered you as a hen gathereth
"December 24, 1852 ",Moses 5:13,"[(10438, 724)]",0.70803,and said unto them believe it not and they believed not in the,and he commanded them saying Believe it not and they believed it not
"January 29, 1854 ",Mosiah 18:13,"[(6702, 360)]",0.70708,had a good time the spirit of the Lord was poured out upon,the Spirit of the Lord be poured out upon you and may he
"April 7, 1844 ",Matthew 23:33,"[(380, 192)]",0.70692,how can ye escape the damnation of Hell here we have the testimony,Ye serpents ye generation of vipers how can ye escape the damnation of hell
"January 1, 1853 ",Mosiah 15:22,"[(10806, 355)]",0.70677,they should come forth in the morning of the first Resurrection and be,God shall come forth in the first resurrection therefore they are the first resurrection
"December 20, 1850 ",John 21:18,"[(8485, 227)]",0.70659,for thou shalt rend them in twain Thou shalt be deliverd out of,and walkedst whither thou wouldest but when thou shalt be old thou shalt
"April 15, 1837 ",Doctrine and Covenants 59:7,"[(561, 500)]",0.70657,Thou shalt labour in the Temple of the Lord thy God Thou shalt,Thou shalt thank the Lord thy God in all things
"March 2, 1849 ",Doctrine and Covenants 58:45,"[(7768, 495)]",0.70635,of Joseph used to push the people together from the ends of the,For behold they shall push the people together from the ends of the earth
"January 13, 1856 ",Doctrine and Covenants 110:15,"[(5380, 566)]",0.70616,Fathers to the children and the hearts of the children to their Fathers,To turn the hearts of the fathers to the children and the children to the fathers lest the whole earth be smitten with a curse
"January 22, 1843 ",Doctrine and Covenants 1:38,"[(2798, 433)]",0.70595,of God and though the heavens and earth should pass away my words,myself and though the heavens and the earth pass away my word shall
"January 13, 1856 ",Doctrine and Covenants 98:16,"[(5402, 535)]",0.70593,will turn the hearts of the children to the Ancient Fathers and the,of the children to their fathers and the hearts of the fathers to the children
"January 21, 1847 ",Doctrine and Covenants 42:54,"[(7609, 482)]",0.70584,thee If thou shalt find that which thy neighbor has lost thou shalt,Thou shalt not take thy brother's garment thou shalt pay for that which thou shalt receive of thy brother
"April 15, 1837 ",Deuteronomy 14:26,"[(561, 48)]",0.70552,Thou shalt labour in the Temple of the Lord thy God Thou shalt,whatsoever thy soul desireth and thou shalt eat there before the Lord thy God and thou shalt rejoice thou and thine household
"April 15, 1837 ",Ezekiel 38:8,"[(561, 149)]",0.70531,Thou shalt labour in the Temple of the Lord thy God Thou shalt,After many days thou shalt be visited in the latter years thou shalt
"April 15, 1837 ",John 21:18,"[(566, 227)]",0.70519,the blood of Ephraim^ thou shalt have a celestial crown Thou shalt have,and walkedst whither thou wouldest but when thou shalt be old thou shalt
"April 15, 1837 ",Romans 13:9,"[(557, 235)]",0.70503,thee Thou shalt have long life and see good days Thou shalt be,For this Thou shalt not commit adultery Thou shalt not kill Thou shalt
"June 28, 1835 ",Doctrine and Covenants 136:2,"[(2518, 657)]",0.70487,Church of Jesus Christ of Latterday Saints organized on the 6th Day of,Let all the people of The Church of Jesus Christ of Latterday Saints
"March 10, 1844 ",Doctrine and Covenants 98:16,"[(3845, 535)]",0.70486,unto the Children and the hearts of the children unto the fathers even,of the children to their fathers and the hearts of the fathers to the children
"August 18, 1844 ",Jacob 3:3,"[(727, 339)]",0.70469,you will understand and see that all is right WO WO WO unto,But wo wo unto you that are not pure in heart that are
"January 4, 1852 ",Deuteronomy 12:12,"[(9475, 44)]",0.70468,if you sin against your family your parents your husband your wife your,and your daughters and your menservants and your maidservants and the Levite that
"January 13, 1856 ",Luke 1:17,"[(5402, 202)]",0.70455,will turn the hearts of the children to the Ancient Fathers and the,to turn the hearts of the fathers to the children and the disobedient
"February 3, 1854 ",3 Nephi 28:8,"[(6731, 406)]",0.70429,of an eye from mortality to immortality and shall be caught up to,eye from mortality to immortality and then shall ye be blessed in the kingdom of my Father
"June 11, 1843 ",John 5:26,"[(4349, 222)]",0.70409,of power As the father hath power in himself so the Son hath,For as the Father hath life in himself so hath he given to the Son to have life in himself
"October 20, 1855 ",Doctrine and Covenants 76:34,"[(5931, 513)]",0.70382,forgiveness in this world nor in the world to come and Parley Parker,Concerning whom I have said there is no forgiveness in this world nor in the world to come
"April 15, 1837 ",Isaiah 58:9,"[(561, 124)]",0.70266,Thou shalt labour in the Temple of the Lord thy God Thou shalt,Then shalt thou call and the Lord shall answer thou shalt cry and
"April 6, 1852 ",Doctrine and Covenants 128:15,"[(9702, 604)]",0.70256,cannot be perfect without them no more than they can be perfect without,without us cannot be made perfectneither can we without our dead be made perfect
"January 17, 1843 ",Mark 1:4,"[(2700, 196)]",0.70245,of John it was the baptism of repentance unto the remission of sins,John did baptize in the wilderness and preach the baptism of repentance for the remission of sins
"August 23, 1844 ",Doctrine and Covenants 13:1,"[(881, 446)]",0.70219,in the earth that they shall never be taken from it until he,of sins and this shall never be taken again from the earth until
"August 23, 1844 ",Joseph Smith--History 1:69,"[(881, 760)]",0.70219,in the earth that they shall never be taken from it until he,of sins and this shall never be taken again from the earth until
"January 13, 1856 ",Joseph Smith--History 1:39,"[(5380, 742)]",0.70206,Fathers to the children and the hearts of the children to their Fathers,hearts of the children the promises made to the fathers and the hearts
"September 8, 1851 ",Song of Solomon 2:15,"[(8909, 102)]",0.70197,Foxes that spoil the vines we have a Prophet for a leader now,Take us the foxes the little foxes that spoil the vines for our vines have tender grapes
"December 20, 1850 ",Doctrine and Covenants 81:6,"[(8520, 516)]",0.70176,thou art of the Blood of Ephraim Thou shalt have a Celestial Crown,And if thou art faithful unto the end thou shalt have a crown
"April 9, 1852 ",2 Peter 2:4,"[(10048, 265)]",0.70159,were reserved in everlasting chains of darkness unto the judgment of the great,to hell and delivered them into chains of darkness to be reserved unto judgment
"December 31, 1840 ",James 1:27,"[(1846, 260)]",0.70089,been a falling away from the pure and undefiled religion before God And,Pure religion and undefiled before God and the Father is this To visit
"April 9, 1852 ",1 Corinthians 11:11,"[(9888, 239)]",0.70065,woman cannot be saved without a man neither can a man without a,Nevertheless neither is the man without the woman neither the woman without the man in the Lord
"January 17, 1843 ",Moroni 8:11,"[(2700, 426)]",0.70052,of John it was the baptism of repentance unto the remission of sins,And their little children need no repentance neither baptism Behold baptism is unto repentance to the fulfilling the commandments unto the remission of sins
