verse_title,date,score,matches_woodruff,matches_scriptures
Doctrine and Covenants 84:118,"February 26, 1879 ",1.0,for with you saith the Lord Almighty I will rend,For with you saith the Lord Almighty I will rend
Doctrine and Covenants 27:9,"January 13, 1856 ",1.0,to the children and the hearts of the children to,to the children and the hearts of the children to
Doctrine and Covenants 29:5,"October 6, 1891 ",0.99478,in your midst I am your advocate with the Father,in your midst and am your advocate with the Father
Doctrine and Covenants 136:25,"January 21, 1847 ",0.98572,thou borrowest of thy neighbor thou shalt restore that which thou hast borrowed and if thou canst not repay then go straitway and tell thy neighbor lest he condemn thee If thou shalt find that which thy neighbor has lost thou shalt make diligent search till thou shalt deliver it to him again Thou shall be diligent in preserving what thou hast that thou mayest be a wise steward for,If thou borrowest of thy neighbor thou shalt restore that which thou hast borrowed and if thou canst not repay then go straightway and tell thy neighbor lest he condemn thee If thou shalt find that which thy neighbor has lost thou shalt make diligent search till thou shalt deliver it to him again Thou shalt be diligent in preserving what thou hast that thou mayest be a wise steward for it is the
Doctrine and Covenants 29:5,"September 15, 1884 ",0.9856,your midst I am your Advocate with the Father I,in your midst and am your advocate with the Father
Doctrine and Covenants 110:15,"January 21, 1844 ",0.98207,turn the hearts of the fathers to the children and,To turn the hearts of the fathers to the children
Doctrine and Covenants 110:15,"March 10, 1844 ",0.98207,turn the hearts of the Fathers to the children and,To turn the hearts of the fathers to the children
Doctrine and Covenants 68:25,"July 2, 1840 ",0.96448,the gift of the Holy Ghost by the laying on,and the gift of the Holy Ghost by the laying
Doctrine and Covenants 98:16,"January 21, 1844 ",0.95619,turn the hearts of the fathers to the children and,turn the hearts of the children to their fathers and the hearts of the fathers to the children
Doctrine and Covenants 98:16,"March 10, 1844 ",0.95619,turn the hearts of the Fathers to the children and,turn the hearts of the children to their fathers and the hearts of the fathers to the children
Doctrine and Covenants 136:8,"January 21, 1847 ",0.95441,Let each company bear an equal proportion according to the dividend of their property in taking the poor the widows the fatherless and the families of those who have gone into the armey that the cries of the widow and the Fatherless come not up into the ears of the,Let each company bear an equal proportion according to the dividend of their property in taking the poor the widows the fatherless and the families of those who have gone into the army that the cries of the widow and the fatherless come not up into the ears of the Lord against this people
Doctrine and Covenants 68:25,"April 30, 1843 ",0.95033,gift of the Holy Ghost by the laying on of,and the gift of the Holy Ghost by the laying
Doctrine and Covenants 121:36,"September 15, 1884 ",0.94173,that the rights of the Priesthood are inseparably connected with the Powers of heavens and that the powers of heaven cannot be controlled nor handled only upon the principles of,That the rights of the priesthood are inseparably connected with the powers of heaven and that the powers of heaven cannot be controlled nor handled only upon the principles of righteousness
Doctrine and Covenants 88:2,"January 1, 1877 ",0.93421,into the Ears of the Lord of Sabaoth and be,up into the ears of the Lord of Sabaoth and
Doctrine and Covenants 98:2,"January 1, 1877 ",0.93345,into the Ears of the Lord of Sabaoth and be,into the ears of the Lord of Sabaoth and are
Doctrine and Covenants 136:10,"January 21, 1847 ",0.93277,where the Lord shall locate a stake of Zion And if ye do this with a pure heart in all faithfulness ye shall be blessed you shall be blessed in your flocks and in your herds and in your fields,remove this people to the place where the Lord shall locate a stake of Zion And if ye do this with a pure heart in all faithfulness ye shall be blessed you shall be blessed in your flocks and in your herds and in your fields and in your houses and in your families
Doctrine and Covenants 136:17,"January 21, 1847 ",0.92942,way and do as I have told you and fear not thine enemies for they shall not have power to stop my work Zion shall be redeemed in mine own,Go thy way and do as I have told you and fear not thine enemies for they shall not have power to stop my work Zion shall be redeemed in mine own due time
Doctrine and Covenants 136:36,"January 21, 1847 ",0.92899,they killed the prophets and they that were sent unto them and they have shed innocent blood which crieth from the ground against them Therefore marvel not at these things,For they killed the prophets and them that were sent unto them and they have shed innocent blood which crieth from the ground against them Therefore marvel not at these things for ye are not
Doctrine and Covenants 1:38,"August 27, 1885 ",0.91248,Earth Pass away my words shall not pass away but,earth pass away my word shall not pass away but
Doctrine and Covenants 105:15,"April 4, 1896 ",0.91211,and waste ^away^ mine enemies and not many years hence they shall not be left to pollute my heritage The,lay waste mine enemies and not many years hence they shall not be left to pollute mine heritage and to
Doctrine and Covenants 135:6,"September 5, 1841 ",0.90825,Bible Book of Mormon and book of Doctrine and Covenants,Book of Mormon and this book of Doctrine and Covenants
Doctrine and Covenants 136:41,"January 21, 1847 ",0.90422,and ye Elders listen together you have received my kingdom be diligent in keeping all my commandments lest judgment come upon you and your faith fail you and your enemies triumph over you So no more at present Amen and Amen,Now therefore hearken O ye people of my church and ye elders listen together you have received my kingdom Be diligent in keeping all my commandments lest judgments come upon you and your faith fail you and your enemies triumph over you So no more at present Amen and Amen
Doctrine and Covenants 98:16,"March 10, 1844 ",0.89609,hearts of the Fathers to the Children and the hearts,turn the hearts of the children to their fathers and the hearts of the fathers to the children
Doctrine and Covenants 107:55,"February 12, 1862 ",0.89287,"shall come of thee and thou art a prince over them forever"" ""And Adam stood up in the midst of the congregation and Notwithstanding he was bowed down with age being full of the Holy Ghost predicted whatsoever should befall",a multitude of nations shall come of thee and thou art a prince over them forever And Adam stood up in the midst of the congregation and notwithstanding he was bowed down with age being full of the Holy Ghost predicted whatsoever should befall his posterity unto the latest generation
Doctrine and Covenants 136:15,"January 21, 1847 ",0.89001,Captains of hundreds and of fifties and of tens And let my servants that have been appointed go and teach,And appoint presidents and captains of hundreds and of fifties and of tens And let my servants that have been appointed go and
Doctrine and Covenants 136:3,"April 16, 1847 ",0.88865,4 Captains of fifties and Captains of tens I was,of fifties and captains of tens with a president and
Doctrine and Covenants 101:90,"January 1, 1858 ",0.88441,stewards and appoint them their portion with hypocrites and unbelievers,unjust stewards and appoint them their portion among hypocrites and unbelievers
Doctrine and Covenants 107:54,"February 12, 1862 ",0.8839,him the Prince Michael the Archangel and the Lord administered comfort unto Adam and said unto him I have set,and blessed Adam and called him Michael the prince the archangel And the Lord administered comfort unto Adam and said unto
Doctrine and Covenants 128:10,"January 22, 1843 ",0.88382,this rock I will build my Church and the gates of hell shall not prevail against it what rock Revelation,this rock I will build my church and the gates of hell shall not prevail against it And I will
Doctrine and Covenants 43:24,"June 11, 1843 ",0.88273,hen gathereth her chickens under wings But ye would not,have gathered you together as a hen gathereth her chickens under her wings but ye would not!
Doctrine and Covenants 1:30,"February 26, 1879 ",0.88081,only true and living Church upon the face of the,darkness the only true and living church upon the face
Doctrine and Covenants 128:18,"April 9, 1852 ",0.8755,they without us could not be made perfect Neither can,neither can they without us be made perfect Neither can
Doctrine and Covenants 68:8,"December 31, 1860 ",0.87359,to go into all the world to preach the gospel,Go ye into all the world preach the gospel to
Doctrine and Covenants 128:8,"March 17, 1857 ",0.87125,we record on Earth shall be recorded in heaven and,not record on earth shall not be recorded in heaven
Doctrine and Covenants 136:3,"January 21, 1847 ",0.86655,Captains of hundreds and of fifties and of tens And,of fifties and captains of tens with a president and
Doctrine and Covenants 136:12,"January 21, 1847 ",0.86246,servants Ezra Taft Benson and Erastus Snow organize a company,Let my servants Ezra T Benson and Erastus Snow organize a company
Doctrine and Covenants 136:23,"January 21, 1847 ",0.85708,another Cease to speak evil one of another Cease drunkenness,Cease to contend one with another cease to speak evil one of another
Doctrine and Covenants 55:2,"April 2, 1886 ",0.85433,the Name of Jesus Christ the Son of the Living God,way of baptism in the name of Jesus Christ the Son of the living God
Doctrine and Covenants 128:17,"January 13, 1856 ",0.85427,"verses ""Behold I will send you Elijah the prophet before the coming of the great and Dreadful day of the Lord"" ""And He shall turn the Hearts of the Fathers",I will send you Elijah the prophet before the coming of the great and dreadful day of the Lord And he shall turn the heart of the fathers to the
Doctrine and Covenants 136:1,"January 21, 1847 ",0.85208,the Lord concerning the camp of Israel In their journeyings,The Word and Will of the Lord concerning the Camp of Israel in their journeyings to the West
Doctrine and Covenants 29:45,"January 20, 1872 ",0.84833,men love darkness rather than light because their deeds are,For they love darkness rather than light and their deeds
Doctrine and Covenants 135:6,"August 13, 1857 ",0.84728,of Mormon The Book of Doctrine and Covenants The Latter,Book of Mormon and this book of Doctrine and Covenants
Doctrine and Covenants 72:3,"December 12, 1855 ",0.84523,hand of God is it required at the hand of,it is required of the Lord at the hand of
Doctrine and Covenants 43:26,"March 14, 1885 ",0.84388,the cup of the wrath of mine indignation is full,Behold the day has come when the cup of the wrath of mine indignation is full
Doctrine and Covenants 130:12,"December 31, 1849 ",0.84209,has And I Prophesy in the name of the Lord,I prophesy in the name of the Lord God that
Doctrine and Covenants 136:33,"January 21, 1847 ",0.83975,and contrite and to the condemnation of the ungodly Thy brethren have rejected you and your testimony even the Nation,enlighten the humble and contrite and to the condemnation of the ungodly Thy brethren have rejected you and your testimony even the nation that has driven you out
Doctrine and Covenants 38:39,"October 21, 1855 ",0.83699,to beware of pride lest we become like the Nephites,beware of pride lest ye become as the Nephites of old
Doctrine and Covenants 103:27,"March 14, 1885 ",0.83663,in the Evening 4 Man be afraid to lay down his life for my sake for He that layeth down,Let no man be afraid to lay down his life for my sake for whoso layeth down his life for my sake shall find it again
Doctrine and Covenants 103:27,"April 19, 1893 ",0.83597,he that layeth down his life for my sake shall,for my sake for whoso layeth down his life for my sake shall find it again
Doctrine and Covenants 98:16,"March 10, 1844 ",0.83548,fathers unto the Children and the hearts of the children,turn the hearts of the children to their fathers and the hearts of the fathers to the children
Doctrine and Covenants 107:6,"January 16, 1881 ",0.83405,keys of the Aaronic priesthood and Melchizedek Priesthood for the,Melchizedek Priesthood and the other is the Aaronic or Levitical Priesthood
Doctrine and Covenants 136:39,"January 21, 1847 ",0.83332,blood that he might be honored and the wicked might,that he might be honored and the wicked might be condemned
Doctrine and Covenants 133:56,"November 21, 1847 ",0.83329,that the graves of the Saints would be opened and,And the graves of the saints shall be opened and
Doctrine and Covenants 112:14,"July 9, 1884 ",0.82991,unto you And what I the Lord say unto you,Now I say unto you and what I say unto
Doctrine and Covenants 135:6,"April 7, 1898 ",0.82924,of the Book of Doctrine and Covenants and I then,Book of Mormon and this book of Doctrine and Covenants
Doctrine and Covenants 68:6,"January 1, 1877 ",0.82884,of Jesus Christ the son of the living God that,Christ that I am the Son of the living God
Doctrine and Covenants 88:92,"February 26, 1879 ",0.82779,prepare yourselves O ye inhabitants of the Earth for the,Prepare ye prepare ye O inhabitants of the earth for
Doctrine and Covenants 128:21,"September 13, 1846 ",0.82553,an Apostle said we have precept upon precept line upon,line precept upon precept here a little and there a
Doctrine and Covenants 68:9,"September 7, 1851 ",0.82429,great a Prophet and he that believeth it may be saved and he that believeth it not will be damned,And he that believeth and is baptized shall be saved and he that believeth not shall be damned
Doctrine and Covenants 58:45,"December 20, 1850 ",0.8212,push the people together to the Ends of the Earth,For behold they shall push the people together from the ends of the earth
Doctrine and Covenants 64:10,"January 4, 1852 ",0.82103,cannot if the Lord will forgive you I will forgive,I the Lord will forgive whom I will forgive but of you it is required to forgive all men
Doctrine and Covenants 89:20,"February 2, 1851 ",0.82038,would walk and not be weary run and not faint,And shall run and not be weary and shall walk and not faint
Doctrine and Covenants 1:13,"February 26, 1879 ",0.82022,for his anger is kindled and the slain of the,And the anger of the Lord is kindled and his
Doctrine and Covenants 135:6,"October 7, 1867 ",0.82014,the Bible Book of Mormon and Doctrine and Covenants and,Book of Mormon and this book of Doctrine and Covenants
Doctrine and Covenants 138:48,"January 13, 1856 ",0.81904,work be done it will be done in Temples in,Foreshadowing the great work to be done in the temples
Doctrine and Covenants 56:11,"August 27, 1885 ",0.81772,Earth Pass away my words shall not pass away but,And though the heaven and the earth pass away these words shall not pass away but shall be fulfilled
Doctrine and Covenants 113:6,"August 23, 1844 ",0.8117,the Holy Priesthood and the [] [keys] of the kingdom,the priesthood and the keys of the kingdom for an
Doctrine and Covenants 136:37,"January 21, 1847 ",0.8115,given you from the days of Abraham Adam to Abraham,days of Adam to Abraham from Abraham to Moses from
Doctrine and Covenants 49:24,"October 21, 1855 ",0.8107,things Jacob shall flourish in the wilderness the Lamanites shall,Jacob shall flourish in the wilderness and the Lamanites shall blossom as the rose
Doctrine and Covenants 33:16,"December 31, 1858 ",0.80796,Holy scriptures and the Book of Mormon the fullness of,And the Book of Mormon and the holy scriptures are
Doctrine and Covenants 124:32,"December 19, 1841 ",0.8078,shall be rejected as a Church with your dead saith,the appointment ye shall be rejected as a church with your dead saith the Lord your God
Doctrine and Covenants 2:2,"March 10, 1844 ",0.80767,turn the hearts of the Fathers to the children and,the promises made to the fathers and the hearts of the children shall turn to their fathers
Doctrine and Covenants 2:2,"January 21, 1844 ",0.80767,turn the hearts of the fathers to the children and,the promises made to the fathers and the hearts of the children shall turn to their fathers
Doctrine and Covenants 113:6,"July 25, 1845 ",0.80736,of the Holy Priesthood and the keys of the Kingdom,the priesthood and the keys of the kingdom for an
Doctrine and Covenants 110:15,"March 10, 1844 ",0.80678,hearts of the Fathers to the Children and the hearts,To turn the hearts of the fathers to the children
Doctrine and Covenants 27:9,"March 10, 1844 ",0.80504,fathers unto the Children and the hearts of the children,to the children and the hearts of the children to
Doctrine and Covenants 55:1,"April 6, 1837 ",0.80437,the laying on of hands for the reception of the,and a reception of the Holy Spirit by the laying on of hands
Doctrine and Covenants 124:142,"September 22, 1860 ",0.80374,Stake Also Joseph Young and 4 of his counselors Meeting,his counselors and also the president of the stake and his counselors
Doctrine and Covenants 55:2,"March 10, 1844 ",0.80341,preach repentance and Baptism for the remission of sins and,this church to preach repentance and remission of sins by
Doctrine and Covenants 55:2,"July 2, 1840 ",0.80269,Preach the Baptism of repentance for remission of Sins and,this church to preach repentance and remission of sins by
Doctrine and Covenants 120:1,"July 2, 1895 ",0.80039,here Office of The First Presidency of the Church of,of the First Presidency of my Church and of the
Doctrine and Covenants 136:30,"January 21, 1847 ",0.80003,are in mine hands and I will do my pleasure with them My people must be tried in all things,Fear not thine enemies for they are in mine hands and I will do my pleasure with them My people must be tried in all things that they
Doctrine and Covenants 136:3,"January 21, 1847 ",0.7999,Captains of Hundreds Captains of Fifties and Captains of Tens,of fifties and captains of tens with a president and
Doctrine and Covenants 68:25,"December 31, 1840 ",0.79936,the gift of the Holy Ghost ^and power^ of the,and the gift of the Holy Ghost by the laying
Doctrine and Covenants 82:8,"July 9, 1884 ",0.79916,unto you And what I the Lord say unto you,And again I say unto you I give unto you
Doctrine and Covenants 124:141,"July 9, 1884 ",0.79916,unto you And what I the Lord say unto you,And again I say unto you I give unto you
Doctrine and Covenants 38:40,"July 9, 1884 ",0.79916,unto you And what I the Lord say unto you,And again I say unto you I give unto you
Doctrine and Covenants 124:137,"July 9, 1884 ",0.79916,unto you And what I the Lord say unto you,And again I say unto you I give unto you
Doctrine and Covenants 86:10,"January 1, 1853 ",0.79881,the mouths of his Holy Prophets since the world began,of all things spoken by the mouths of all the holy prophets since the world began
Doctrine and Covenants 20:77,"August 24, 1844 ",0.79839,And we ask God the Eternal Father in the name,O God the Eternal Father we ask thee in the
Doctrine and Covenants 20:79,"August 24, 1844 ",0.79839,And we ask God the Eternal Father in the name,O God the Eternal Father we ask thee in the
Doctrine and Covenants 136:38,"January 21, 1847 ",0.79779,lay and was faithful and I took him to myself,Which foundation he did lay and was faithful and I took him to myself
Doctrine and Covenants 49:23,"October 21, 1855 ",0.79607,Earth but look forth for the Heavens to be shaken,for the heavens to be shaken and the earth to
Doctrine and Covenants 76:112,"October 20, 1855 ",0.79542,dwell they cannot come worlds without End but those who,where God and Christ dwell they cannot come worlds without end
Doctrine and Covenants 20:68,"July 1, 1838 ",0.79536,confirmed them by the laying on of hands at my,being confirmed by the laying on of the hands of
Doctrine and Covenants 111:7,"November 16, 1838 ",0.79412,tarry in Kirtland or in the regions round about until,Tarry in this place and in the regions round about
Doctrine and Covenants 121:36,"April 30, 1897 ",0.79407,the Priesthood are inseparably connected with the Heavens and the,That the rights of the priesthood are inseparably connected with
Doctrine and Covenants 44:1,"October 6, 1891 ",0.79406,Thus Saith the Lord unto my Servants the Presidency of,Behold thus saith the Lord unto you my servants it
Doctrine and Covenants 135:6,"January 21, 1867 ",0.7924,Book of Mormon and Doctrine and Covenants have taught from,Book of Mormon and this book of Doctrine and Covenants
Doctrine and Covenants 49:25,"October 21, 1855 ",0.79213,the children of men Zion shall flourish upon the Hills,Zion shall flourish upon the hills and rejoice upon the
Doctrine and Covenants 87:3,"April 30, 1861 ",0.79179,States and the Northern States against the Southern States and,Northern States and the Southern States will call on other
Doctrine and Covenants 136:21,"January 21, 1847 ",0.79138,the God of your Fathers the God of Abraham and,even the God of your fathers the God of Abraham and of Isaac and of Jacob
Doctrine and Covenants 1:38,"February 26, 1879 ",0.7913,I have spoken I have spoken and I excuse not,What I the Lord have spoken I have spoken and
Doctrine and Covenants 68:19,"December 31, 1860 ",0.79092,the Twelve He can officiate in all the lesser offices,authority to officiate in all the lesser offices he may
Doctrine and Covenants 107:17,"December 31, 1860 ",0.79092,the Twelve He can officiate in all the lesser offices,authority to officiate in all the lesser offices he may
Doctrine and Covenants 128:21,"January 1, 1872 ",0.78969,of the Church of Jesus Christ of Latterday Saints to,tribulations of this Church of Jesus Christ of Latterday Saints!
Doctrine and Covenants 88:49,"July 2, 1840 ",0.78902,The light shineth in darkness and and again the third,The light shineth in darkness and the darkness comprehendeth it
Doctrine and Covenants 76:14,"December 13, 1838 ",0.78895,gospel of Jesus Christ or the fulness of it and,bear is the fulness of the gospel of Jesus Christ
Doctrine and Covenants 107:36,"December 31, 1860 ",0.78859,are Equal in authority to the Quorum of the Twelve,a quorum equal in authority in the affairs of the
Doctrine and Covenants 95:12,"April 11, 1852 ",0.78804,love me they will keep my commandments if you want,If you keep not my commandments the love of the
Doctrine and Covenants 138:53,"December 31, 1844 ",0.7877,with Joseph Smith Jr and Hyrum Smith the prophet and,The Prophet Joseph Smith and my father Hyrum Smith Brigham
Doctrine and Covenants 128:21,"October 6, 1868 ",0.78744,of the Church of Jesus Christ of Latterday Saints in,tribulations of this Church of Jesus Christ of Latterday Saints!
Doctrine and Covenants 68:25,"April 30, 1843 ",0.78687,of the gift of the Holy Ghost and in no,and the gift of the Holy Ghost by the laying
Doctrine and Covenants 127:12,"January 1, 1872 ",0.7863,of the Church of Jesus Christ of Latterday Saints to,Lord prophet and seer of The Church of Jesus Christ of Latterday Saints
Doctrine and Covenants 98:16,"January 21, 1844 ",0.786,the hearts of the children to their fathers lest I,turn the hearts of the children to their fathers and the hearts of the fathers to the children
Doctrine and Covenants 136:20,"January 21, 1847 ",0.78598,seek ye and keep all your pledges one with another,Seek ye and keep all your pledges one with another and covet not that which is thy brother's
Doctrine and Covenants 132:46,"March 17, 1857 ",0.78594,seal on Earth shall be sealed in heaven and what,seal on earth shall be sealed in heaven and whatsoever
Doctrine and Covenants 136:32,"January 21, 1847 ",0.78586,his ears opened that he may hear for my spirit,may be opened that he may see and his ears opened that he may hear
Doctrine and Covenants 71:1,"October 6, 1891 ",0.78552,Thus Saith the Lord unto my Servants the Presidency of,Behold thus saith the Lord unto you my servants Joseph
Doctrine and Covenants 10:69,"March 5, 1881 ",0.7852,laws And the Gates of Hell shall not prevail against,upon my rock and the gates of hell shall not prevail against them
Doctrine and Covenants 68:7,"April 30, 1884 ",0.78507,word of the Lord unto you And the Lord will,This is the word of the Lord unto you my
Doctrine and Covenants 109:77,"January 1, 1877 ",0.78486,O Hear us O Lord in these our petitions and answer us from heaven thine Holy habitation and we will,O Lord God Almighty hear us in these our petitions and answer us from heaven thy holy habitation where thou
Doctrine and Covenants 127:12,"October 6, 1868 ",0.78407,of the Church of Jesus Christ of Latterday Saints in,Lord prophet and seer of The Church of Jesus Christ of Latterday Saints
Doctrine and Covenants 68:11,"February 16, 1886 ",0.78405,Behold the signs of the times watch for the coming of the Son of Man,signs of the times and the signs of the coming of the Son of Man
Doctrine and Covenants 63:53,"April 2, 1885 ",0.78396,the coming of the Son of Man I the Lord,even in the day of the coming of the Son of Man
Doctrine and Covenants 136:32,"January 21, 1847 ",0.78381,his eyes may be opened that he may see and,may be opened that he may see and his ears opened that he may hear
Doctrine and Covenants 135:6,"October 7, 1867 ",0.78207,read the Bible Book of Mormon and Doctrine and Covenants,Book of Mormon and this book of Doctrine and Covenants
Doctrine and Covenants 95:4,"September 10, 1843 ",0.78199,vineyard to prune the vineyard once more for the last,to prune my vineyard for the last time that I
Doctrine and Covenants 20:39,"January 11, 1880 ",0.78147,together and Ordain Priests Teachers and Deacons the spirit of,And to ordain other elders priests teachers and deacons
Doctrine and Covenants 63:58,"August 5, 1838 ",0.77915,day of warning and not of many words this is,For this is a day of warning and not a
Doctrine and Covenants 20:77,"April 11, 1852 ",0.77898,O God the Eternal Father I ask in the name,O God the Eternal Father we ask thee in the
Doctrine and Covenants 20:79,"April 11, 1852 ",0.77898,O God the Eternal Father I ask in the name,O God the Eternal Father we ask thee in the
Doctrine and Covenants 20:79,January 19 1840 ,0.77886,God the Eternal Father I ask the[e] in the name,O God the Eternal Father we ask thee in the
Doctrine and Covenants 20:77,January 19 1840 ,0.77886,God the Eternal Father I ask the[e] in the name,O God the Eternal Father we ask thee in the
Doctrine and Covenants 124:125,"October 2, 1856 ",0.77773,to be a prophet seer and Revelator in the church,presiding elder over all my church to be a translator a revelator a seer and prophet
Doctrine and Covenants 135:6,"September 10, 1836 ",0.77747,the Book of Doctrine and Covenants and Prayer by the,Book of Mormon and this book of Doctrine and Covenants
Doctrine and Covenants 84:69,"February 23, 1848 ",0.77617,eyes of the blind and unstop the ears of the,In my name they shall open the eyes of the blind and unstop the ears of the deaf
Doctrine and Covenants 128:21,"June 21, 1863 ",0.77505,of the Church of Jesus Christ of Latterday Saints He,tribulations of this Church of Jesus Christ of Latterday Saints!
Doctrine and Covenants 63:53,"August 29, 1896 ",0.77437,until the coming of the Son of Man I the,even in the day of the coming of the Son of Man
Doctrine and Covenants 128:21,"April 6, 1873 ",0.77251,Church of Jesus Christ of Latterday Saints [] Church of,tribulations of this Church of Jesus Christ of Latterday Saints!
Doctrine and Covenants 63:5,"March 14, 1885 ",0.77241,Lord utter my word and it shall be obeyed and,Behold I the Lord utter my voice and it shall be obeyed
Doctrine and Covenants 45:44,"October 21, 1855 ",0.77211,will come From Heaven clothed with all that great Glory,of heaven clothed with power and great glory with all
Doctrine and Covenants 127:12,"June 21, 1863 ",0.77173,of the Church of Jesus Christ of Latterday Saints He,Lord prophet and seer of The Church of Jesus Christ of Latterday Saints
Doctrine and Covenants 33:15,"July 2, 1840 ",0.77123,the gift of the Holy Ghost by the laying on,by the laying on of the hands and I will bestow the gift of the Holy Ghost upon them
Doctrine and Covenants 121:31,"December 21, 1896 ",0.77105,years 9 Months and 6 days Thus all of the,months and years and all the days of their days
Doctrine and Covenants 111:4,"January 1, 1881 ",0.77036,they shall not have power over the saints of God,shall have power over it insomuch that they shall not
Doctrine and Covenants 136:14,"January 21, 1847 ",0.77018,a company Also let my servants Amasa Mason Lyman and,Also let my servants Amasa Lyman and George A Smith organize a company
Doctrine and Covenants 18:18,"April 7, 1844 ",0.76986,you shall receive the Holy ghost take a view of,you shall receive and you shall have the Holy Ghost
Doctrine and Covenants 53:3,"March 10, 1844 ",0.7698,preach repentance and Baptism for the remission of sins and,to preach faith and repentance and remission of sins according
Doctrine and Covenants 84:92,"January 13, 1881 ",0.76941,water pure water whether in heat or in cold and,water whether in heat or in cold and bear testimony
Doctrine and Covenants 68:11,"December 31, 1847 ",0.76883,and in many of the signs of the times The,signs of the times and the signs of the coming of the Son of Man
Doctrine and Covenants 133:34,"February 26, 1879 ",0.7686,the richer blessing upon the head of Ephraim and his,the tribes of Israel and the richer blessing upon the head of Ephraim and his fellows
Doctrine and Covenants 124:45,"October 6, 1891 ",0.76836,Saints will hearken unto my voice and the counsel of,And if my people will hearken unto my voice and
Doctrine and Covenants 56:11,"January 9, 1894 ",0.76825,words shall not pass away but shall be fulfilled saith,And though the heaven and the earth pass away these words shall not pass away but shall be fulfilled
Doctrine and Covenants 9:8,"June 2, 1857 ",0.76781,if it was right and wherever it is right for,if it be right and if it is right I
Doctrine and Covenants 33:15,"April 30, 1843 ",0.76775,gift of the Holy Ghost by the laying on of,by the laying on of the hands and I will bestow the gift of the Holy Ghost upon them
Doctrine and Covenants 55:2,"January 1, 1877 ",0.76617,of Jesus Christ the son of the living God that,way of baptism in the name of Jesus Christ the Son of the living God
Doctrine and Covenants 98:18,"September 15, 1884 ",0.7661,Enemies Let not your hearts be troubled I am in,Let not your hearts be troubled for in my Father's
Doctrine and Covenants 18:32,"August 16, 1844 ",0.76545,the power of the Holy Priesthood and the Holy Ghost,to the power of the Holy Ghost which is in
Doctrine and Covenants 88:85,"April 20, 1889 ",0.7654,salvation to this generation his garments are clean from the,their garments are not clean from the blood of this generation
Doctrine and Covenants 56:11,"January 9, 1894 ",0.7651,be fulfilled And though heaven and earth pass away my,And though the heaven and the earth pass away these words shall not pass away but shall be fulfilled
Doctrine and Covenants 94:3,"September 21, 1840 ",0.76276,in the things pertaining to the church and kingdom of,and for the work of the ministry of the presidency in all things pertaining to the church and kingdom
Doctrine and Covenants 107:56,"February 19, 1837 ",0.76272,Lord and stood in the midst of the congregation of,And Adam stood up in the midst of the congregation
Doctrine and Covenants 38:6,"October 18, 1848 ",0.76264,wo wo wo is their DOOM The following verses I,kept that will not hear my voice but harden their hearts and wo wo wo is their doom
Doctrine and Covenants 133:31,"February 26, 1879 ",0.76245,everlasting Hills shall tremble at your presence And you shall,And the boundaries of the everlasting hills shall tremble at their presence
Doctrine and Covenants 93:26,"January 17, 1851 ",0.76219,and truth in the spirit of God I spent the,The Spirit of truth is of God I am the
Doctrine and Covenants 45:9,"April 6, 1844 ",0.76194,of God to the world would be a light in,the world to be a light to the world and
Doctrine and Covenants 84:98,"January 22, 1843 ",0.76181,would then see eye to eye and the blessings of,knowledge of the Lord and shall see eye to eye
Doctrine and Covenants 27:9,"March 10, 1844 ",0.76128,hearts of the Fathers to the Children and the hearts,to the children and the hearts of the children to
Doctrine and Covenants 127:12,"April 6, 1873 ",0.76101,Church of Jesus Christ of Latterday Saints [] Church of,Lord prophet and seer of The Church of Jesus Christ of Latterday Saints
Doctrine and Covenants 107:6,"November 10, 1876 ",0.76073,stands at the Melchizedek Priesthood and Aaronic priesthood were Plain,Melchizedek Priesthood and the other is the Aaronic or Levitical Priesthood
Doctrine and Covenants 124:71,"December 31, 1884 ",0.76043,shall not be moved out of her Place Zion shall,shall be accursed and shall be moved out of their
Doctrine and Covenants 68:25,"January 1, 1877 ",0.75939,of Jesus Christ the son of the living God that,Christ the Son of the living God and of baptism
Doctrine and Covenants 53:3,"July 2, 1840 ",0.75934,Preach the Baptism of repentance for remission of Sins and,to preach faith and repentance and remission of sins according
Doctrine and Covenants 18:32,"January 13, 1881 ",0.7588,the spirit and Power of the Holy Ghost and the,to the power of the Holy Ghost which is in
Doctrine and Covenants 45:39,"April 2, 1885 ",0.75858,the coming of the Son of Man I the Lord,the Lord to come even for the signs of the coming of the Son of Man
Doctrine and Covenants 133:22,"February 17, 1857 ",0.75855,God his voice was as the voice of God and,And it shall be a voice as the voice of
Doctrine and Covenants 68:25,"October 7, 1856 ",0.75821,power of God and the gift of the Holy Ghost,and the gift of the Holy Ghost by the laying
Doctrine and Covenants 68:25,"January 1, 1861 ",0.75821,power of God and the Gift of the Holy Ghost,and the gift of the Holy Ghost by the laying
Doctrine and Covenants 113:6,"August 27, 1844 ",0.75803,Holy Priesthood and the Keys of the kingdom of God,the priesthood and the keys of the kingdom for an
Doctrine and Covenants 107:56,"October 20, 1855 ",0.75753,and stood in the midst of a congregation of saints,And Adam stood up in the midst of the congregation
Doctrine and Covenants 1:9,"June 30, 1893 ",0.75726,come and shall be poured out without measure upon the,the wrath of God shall be poured out upon the wicked without measure
Doctrine and Covenants 1:9,"December 31, 1884 ",0.75726,come and shall be poured out without measure upon the,the wrath of God shall be poured out upon the wicked without measure
Doctrine and Covenants 39:24,"March 5, 1881 ",0.7555,I come I come quickly Even so Amen WILFORD WOODRUFFS,Behold I come quickly Even so Amen
Doctrine and Covenants 128:10,"March 5, 1881 ",0.75479,laws And the Gates of Hell shall not prevail against,of hell shall not prevail against it And I will
Doctrine and Covenants 82:18,"September 6, 1856 ",0.75436,a benefit to the Church the History of this Church,And all this for the benefit of the church of
Doctrine and Covenants 45:9,"January 20, 1872 ",0.75384,the world that light has come into the world and,the world to be a light to the world and
Doctrine and Covenants 55:2,"December 20, 1850 ",0.75375,in the name of Jesus Christ the Son of the,way of baptism in the name of Jesus Christ the Son of the living God
Doctrine and Covenants 55:2,"April 15, 1837 ",0.75375,in the name of JESUS CHRIST the Son of the,way of baptism in the name of Jesus Christ the Son of the living God
Doctrine and Covenants 120:1,"July 1, 1866 ",0.75328,unto the First Presidency of the Church and Kingdom of,of the First Presidency of my Church and of the
Doctrine and Covenants 20:48,"January 11, 1880 ",0.75304,together and Ordain Priests Teachers and Deacons the spirit of,And he may also ordain other priests teachers and deacons
Doctrine and Covenants 128:17,"January 13, 1856 ",0.75288,their Fathers lest I come and smite the Earth with,children and the heart of the children to their fathers lest I come and smite the earth with a curse
Doctrine and Covenants 39:12,"October 6, 1891 ",0.75261,shall come to pass and no power shall stay my,And it shall come to pass that power shall rest
Doctrine and Covenants 2:1,"January 13, 1856 ",0.75257,the coming of the great and Dreadful day of the,hand of Elijah the prophet before the coming of the great and dreadful day of the Lord
Doctrine and Covenants 111:4,"October 2, 1856 ",0.7525,shall have power over your Enemies and you shall not,shall have power over it insomuch that they shall not
Doctrine and Covenants 128:21,"February 14, 1835 ",0.75243,to the Church of Jesus Christ of Latterday Saints his,tribulations of this Church of Jesus Christ of Latterday Saints!
Doctrine and Covenants 39:24,"March 29, 1893 ",0.75187,come I come quickly Even so Amen Copied by George,Behold I come quickly Even so Amen
Doctrine and Covenants 128:21,"April 6, 1837 ",0.75104,day the Church of Jesus Christ of Latterday Saints was,tribulations of this Church of Jesus Christ of Latterday Saints!
Doctrine and Covenants 136:3,"February 15, 1847 ",0.75065,Council captains of Hundreds fifties and tens to further the,of fifties and captains of tens with a president and
Doctrine and Covenants 112:30,"January 1, 1877 ",0.75028,God in this the last dispensation and fulness of times,the last days and for the last time in the which is the dispensation of the fulness of times
Doctrine and Covenants 127:12,"February 14, 1835 ",0.74977,to the Church of Jesus Christ of Latterday Saints his,Lord prophet and seer of The Church of Jesus Christ of Latterday Saints
Doctrine and Covenants 61:18,"July 9, 1884 ",0.74901,unto you And what I the Lord say unto you,I say unto one I say unto all that you
Doctrine and Covenants 63:14,"August 27, 1885 ",0.74893,a name among you who are Adulterers and Adulteresses and,There were among you adulterers and adulteresses some of whom
Doctrine and Covenants 13:1,"January 20, 1872 ",0.74879,of God it was not by the ministering of angels,of the ministering of angels and of the gospel of
Doctrine and Covenants 128:21,"April 6, 1871 ",0.74867,Conference of the Church of Jesus Christ of Latterday Saints,tribulations of this Church of Jesus Christ of Latterday Saints!
Doctrine and Covenants 127:12,"April 6, 1837 ",0.74839,day the Church of Jesus Christ of Latterday Saints was,Lord prophet and seer of The Church of Jesus Christ of Latterday Saints
Doctrine and Covenants 46:13,"January 20, 1872 ",0.74793,God to man the Holy Ghost which is given to,To some it is given by the Holy Ghost to
Doctrine and Covenants 135:4,"October 5, 1849 ",0.74792,"said ""I am going as A Lamb to the slaughter",a lamb to the slaughter but I am calm as
Doctrine and Covenants 27:5,"August 20, 1837 ",0.74765,of the everlasting gospel and the Book of Mormon After,Book of Mormon containing the fulness of my everlasting gospel
Doctrine and Covenants 138:33,"April 30, 1843 ",0.74728,gift of the Holy Ghost by the laying on of,baptism for the remission of sins the gift of the Holy Ghost by the laying on of hands
Doctrine and Covenants 77:12,"September 12, 1852 ",0.74719,all things will be sealed to the End of all,shall have sealed all things unto the end of all
Doctrine and Covenants 101:89,"January 1, 1858 ",0.74646,come out of his hiding place and in his fury,Lord arise and come forth out of his hiding place and in his fury vex the nation
Doctrine and Covenants 136:15,"February 15, 1847 ",0.7463,Council captains of Hundreds fifties and tens to further the,And appoint presidents and captains of hundreds and of fifties and of tens
Doctrine and Covenants 135:3,"October 5, 1856 ",0.74608,of the spirit and power of God and the Gift,by the gift and power of God and has been
Doctrine and Covenants 127:12,"April 6, 1871 ",0.74547,Conference of the Church of Jesus Christ of Latterday Saints,Lord prophet and seer of The Church of Jesus Christ of Latterday Saints
Doctrine and Covenants 18:32,"January 19, 1863 ",0.74467,the power of God and the Holy Ghost We have,to the power of the Holy Ghost which is in
Doctrine and Covenants 136:28,"January 21, 1847 ",0.7444,and thou art his steward If thou art merry praise,If thou art merry praise the Lord with singing with
Doctrine and Covenants 128:21,"April 6, 1870 ",0.74429,History of the Church of Jesus Christ of Latterday Saints,tribulations of this Church of Jesus Christ of Latterday Saints!
Doctrine and Covenants 128:21,"March 1, 1868 ",0.74429,History of the Church of Jesus Christ of Latterday Saints,tribulations of this Church of Jesus Christ of Latterday Saints!
Doctrine and Covenants 136:15,"January 21, 1847 ",0.74373,Captains of Hundreds Captains of Fifties and Captains of Tens,And appoint presidents and captains of hundreds and of fifties and of tens
Doctrine and Covenants 20:2,"July 1, 1866 ",0.74289,to be An Apostle in the Church of Jesus Christ,called of God and ordained an apostle of Jesus Christ to be the first elder of this church
Doctrine and Covenants 53:3,"April 6, 1837 ",0.74247,the laying on of hands for the reception of the,to my word and the reception of the Holy Spirit by the laying on of hands
Doctrine and Covenants 120:1,"August 8, 1844 ",0.74211,head the first Presidency of the church and at the,of the First Presidency of my Church and of the
Doctrine and Covenants 1:38,"September 10, 1843 ",0.74196,earth should pass away his words should not pass away,earth pass away my word shall not pass away but
Doctrine and Covenants 135:1,"November 2, 1845 ",0.74161,Jr the Prophet and Hyrum Smith the Patriarch of the,Prophet and Hyrum Smith the Patriarch They were shot in
Doctrine and Covenants 20:1,"February 4, 1851 ",0.74147,Our Lord and Savior Jesus Christ will they all be,the coming of our Lord and Savior Jesus Christ in
Doctrine and Covenants 127:12,"March 1, 1868 ",0.7411,History of the Church of Jesus Christ of Latterday Saints,Lord prophet and seer of The Church of Jesus Christ of Latterday Saints
Doctrine and Covenants 127:12,"April 6, 1870 ",0.7411,History of the Church of Jesus Christ of Latterday Saints,Lord prophet and seer of The Church of Jesus Christ of Latterday Saints
Doctrine and Covenants 128:21,"October 6, 1872 ",0.7409,the Church of Jesus Christ of Latterday Saints met at,tribulations of this Church of Jesus Christ of Latterday Saints!
Doctrine and Covenants 132:19,"July 1, 1838 ",0.74061,the New and Everlasting Covenant and had a dispensation of,and by the new and everlasting covenant and it is
Doctrine and Covenants 106:5,"August 25, 1896 ",0.7405,ity before me! Therefore gird up the loins of your,Therefore gird up your loins that you may be the
Doctrine and Covenants 136:7,"January 21, 1847 ",0.74035,expert men to take teams seeds and Farming utensils to,number of ablebodied and expert men to take teams seeds
Doctrine and Covenants 98:16,"January 13, 1856 ",0.7401,to the children and the hearts of the children to,turn the hearts of the children to their fathers and the hearts of the fathers to the children
Doctrine and Covenants 136:2,"January 21, 1847 ",0.7401,and promise to keep all the commandments and Statutes of,organized into companies with a covenant and promise to keep all the commandments and statutes of the Lord our God
Doctrine and Covenants 68:25,"July 2, 1840 ",0.74002,the gift of the Holy Ghost at the same time,and the gift of the Holy Ghost by the laying
Doctrine and Covenants 101:66,"April 30, 1897 ",0.73996,is gathered and the tares bound in Bundles then the,While the tares shall be bound in bundles and their
Doctrine and Covenants 110:15,"February 2, 1851 ",0.73979,answer is to turn the hearts of the children to,To turn the hearts of the fathers to the children
Doctrine and Covenants 128:18,"April 6, 1852 ",0.73973,as we have been we cannot be perfect without them,the dead For we without them cannot be made perfect
Doctrine and Covenants 27:6,"February 26, 1879 ",0.73925,been spoken by all the Prophets since the world began,spoken by the mouth of all the holy prophets since the world began concerning the last days
Doctrine and Covenants 34:2,"July 2, 1840 ",0.73891,The light shineth in darkness and and again the third,The light and the life of the world a light which shineth in darkness and the darkness comprehendeth it not
Doctrine and Covenants 39:2,"July 2, 1840 ",0.73891,The light shineth in darkness and and again the third,The light and the life of the world a light which shineth in darkness and the darkness comprehendeth it not
Doctrine and Covenants 45:7,"July 2, 1840 ",0.73873,The light shineth in darkness and and again the third,the life of the worlda light that shineth in darkness and the darkness comprehendeth it not
Doctrine and Covenants 84:111,"January 1, 1877 ",0.73873,who are appointed to be standing Ministers unto the Church,teachers should be appointed to watch over the church to be standing ministers unto the church
Doctrine and Covenants 127:12,"October 6, 1872 ",0.73828,the Church of Jesus Christ of Latterday Saints met at,Lord prophet and seer of The Church of Jesus Christ of Latterday Saints
Doctrine and Covenants 124:86,"February 23, 1848 ",0.73807,friends when they die but if they die in the,if they die let them die unto me for they
Doctrine and Covenants 10:58,"July 2, 1840 ",0.73753,The light shineth in darkness and and again the third,I am the light which shineth in darkness and the darkness comprehendeth it not
Doctrine and Covenants 138:33,"July 2, 1840 ",0.73749,the gift of the Holy Ghost by the laying on,baptism for the remission of sins the gift of the Holy Ghost by the laying on of hands
Doctrine and Covenants 98:16,"August 11, 1847 ",0.73742,the fathers to the children and the children to their,turn the hearts of the children to their fathers and the hearts of the fathers to the children
Doctrine and Covenants 86:10,"February 26, 1879 ",0.73707,been spoken by all the Prophets since the world began,of all things spoken by the mouths of all the holy prophets since the world began
Doctrine and Covenants 110:15,"March 10, 1844 ",0.73695,fathers unto the Children and the hearts of the children,To turn the hearts of the fathers to the children
Doctrine and Covenants 63:1,"April 30, 1884 ",0.73652,word of the Lord unto you And the Lord will,people of the Lord and hear the word of the Lord and his will concerning you
Doctrine and Covenants 118:6,"December 1, 1885 ",0.73648,John Taylor 1808 and my servant Wilford Woodruff and my,Let my servant John Taylor and also my servant John
Doctrine and Covenants 118:6,"April 11, 1893 ",0.73648,John Taylor 1808 and my servant Wilford Woodruff and my,Let my servant John Taylor and also my servant John
Doctrine and Covenants 110:15,"January 13, 1856 ",0.73626,"Lord"" ""And He shall turn the Hearts of the Fathers",To turn the hearts of the fathers to the children
Doctrine and Covenants 115:3,"October 6, 1868 ",0.73623,of the Church of Jesus Christ of Latterday Saints in,of my Church of Jesus Christ of Latterday Saints scattered abroad in all the world
Doctrine and Covenants 98:16,"February 2, 1851 ",0.73577,the fathers to their children the children to their fathers,turn the hearts of the children to their fathers and the hearts of the fathers to the children
Doctrine and Covenants 18:32,"February 13, 1859 ",0.73571,of the Holy Ghost and the power of God while,to the power of the Holy Ghost which is in
Doctrine and Covenants 88:22,"March 3, 1840 ",0.73549,able to abide a celestial law and go through and,For he who is not able to abide the law of a celestial kingdom cannot abide a celestial glory
Doctrine and Covenants 88:2,"February 12, 1841 ",0.73545,ears of the Lord of Sabaoth who was once thy,up into the ears of the Lord of Sabaoth and
Doctrine and Covenants 98:2,"February 12, 1841 ",0.73484,ears of the Lord of Sabaoth who was once thy,into the ears of the Lord of Sabaoth and are
Doctrine and Covenants 64:5,"April 15, 1837 ",0.73467,all the mysteries of the kingdom of God and the,And the keys of the mysteries of the kingdom shall
Doctrine and Covenants 63:53,"December 31, 1840 ",0.73458,the Coming of the Son of Man What are the,even in the day of the coming of the Son of Man
Doctrine and Covenants 121:46,"December 20, 1850 ",0.73421,of truth and righteousness and thy name is written in,scepter an unchanging scepter of righteousness and truth and thy
Doctrine and Covenants 20:79,"January 13, 1841 ",0.73408,which Blessings I ask God the Eternal Father in the,O God the Eternal Father we ask thee in the
Doctrine and Covenants 20:77,"January 13, 1841 ",0.73408,which Blessings I ask God the Eternal Father in the,O God the Eternal Father we ask thee in the
Doctrine and Covenants 107:76,"March 10, 1844 ",0.73398,the priesthood keys of this priesthood which office was to,to the presidency of this priesthood to the keys of
Doctrine and Covenants 112:30,"January 13, 1881 ",0.73347,concerning the great last dispensation of the fulness of times,the last days and for the last time in the which is the dispensation of the fulness of times
Doctrine and Covenants 124:22,"December 19, 1841 ",0.7331,his servant Joseph Smith Jr let my servant Brigham Young,Let my servant George and my servant Lyman and my
Doctrine and Covenants 93:3,"July 28, 1860 ",0.73297,Father and the Father in me Now I do not,And that I am in the Father and the Father in me and the Father and I are one
Doctrine and Covenants 93:29,"January 23, 1848 ",0.73175,not created neither indeed can be and were from all,the light of truth was not created or made neither indeed can be
Doctrine and Covenants 128:21,"April 30, 1837 ",0.73084,members of the Church of Jesus Christ of Latterday Saints,tribulations of this Church of Jesus Christ of Latterday Saints!
Doctrine and Covenants 43:25,"January 20, 1872 ",0.7301,of God it was not by the ministering of angels,of my servants and by the ministering of angels and
Doctrine and Covenants 38:12,"February 26, 1879 ",0.72983,the Angels are waiting the Great command to go forth,and the angels are waiting the great command to reap
Doctrine and Covenants 68:6,"April 2, 1886 ",0.72964,the Name of Jesus Christ the Son of the Living God,Christ that I am the Son of the living God
Doctrine and Covenants 76:10,"December 31, 1840 ",0.72941,eye had not seen nor the ear heard nor the,seen nor ear heard nor yet entered into the heart of man
Doctrine and Covenants 121:35,"March 7, 1897 ",0.72936,this world who aspire to the honors of men and,of this world and aspire to the honors of men that they do not learn this one lesson
Doctrine and Covenants 28:15,"April 15, 1837 ",0.72928,of Ephraim^ thou shalt have a celestial crown Thou shalt,shalt go until the time thou shalt return what thou shalt do
Doctrine and Covenants 135:3,"December 31, 1860 ",0.729,of God Joseph Smith Jr was a Prophet Seer and,Joseph Smith the Prophet and Seer of the Lord has
Doctrine and Covenants 127:12,"June 24, 1868 ",0.72894,the Church of Jesus Christ of Latterday Saints The Presidency,Lord prophet and seer of The Church of Jesus Christ of Latterday Saints
Doctrine and Covenants 14:9,"January 1, 1877 ",0.72864,of Jesus Christ the son of the living God that,Behold I am Jesus Christ the Son of the living
Doctrine and Covenants 136:5,"January 21, 1847 ",0.72848,all the Teams waggons provisions clothing and other necessaries for,provisions clothing and other necessaries for the journey that they can
Doctrine and Covenants 49:14,"April 30, 1843 ",0.72842,gift of the Holy Ghost by the laying on of,Holy Ghost by the laying on of the hands of the elders of the church
Doctrine and Covenants 127:12,"April 30, 1837 ",0.72771,members of the Church of Jesus Christ of Latterday Saints,Lord prophet and seer of The Church of Jesus Christ of Latterday Saints
Doctrine and Covenants 124:38,"August 8, 1844 ",0.72759,build the house we will go into the wilderness and,in the wilderness and to build a house in the
Doctrine and Covenants 136:3,"January 21, 1847 ",0.72738,Captains of Hundreds Captains of Fifties and Captains of Tens,Let the companies be organized with captains of hundreds captains
Doctrine and Covenants 45:67,"January 10, 1841 ",0.72728,and to thee O Lord shall be all the glory,And the glory of the Lord shall be there and
Doctrine and Covenants 1:35,"January 23, 1865 ",0.72717,Lord is no respecter of Persons God will bless and,For I am no respecter of persons and will that
Doctrine and Covenants 68:7,"December 20, 1891 ",0.72703,the Temple is the word of the Lord unto us,This is the word of the Lord unto you my
Doctrine and Covenants 20:35,"October 7, 1856 ",0.72695,power of God and the gift of the Holy Ghost,gift and power of the Holy Ghost the voice of God or the ministering of angels
Doctrine and Covenants 20:35,"January 1, 1861 ",0.72695,power of God and the Gift of the Holy Ghost,gift and power of the Holy Ghost the voice of God or the ministering of angels
Doctrine and Covenants 136:37,"January 21, 1847 ",0.72677,Apostles and from Jesus and his Apostles to Joseph Smith,Moses to Jesus and his apostles and from Jesus and
Doctrine and Covenants 106:3,"October 6, 1862 ",0.72594,the Kingdom of Heaven and all things necessary will be,kingdom of heaven and its righteousness and all things necessary
Doctrine and Covenants 101:23,"October 9, 1875 ",0.72563,and prepare for that which is to come It is,And prepare for the revelation which is to come when
Doctrine and Covenants 133:56,"October 21, 1855 ",0.72551,graves of the saints will be opened and they will,And the graves of the saints shall be opened and
Doctrine and Covenants 124:129,"September 9, 1847 ",0.725,Orson Pratt Heber Chase Kimball and Brigham Young O Pratt,They are Heber C Kimball Parley P Pratt Orson Pratt
Doctrine and Covenants 138:53,"June 22, 1845 ",0.72488,the Prophet and Patriarch Joseph Smith Jr and Hyrum Smith,The Prophet Joseph Smith and my father Hyrum Smith Brigham
Doctrine and Covenants 98:13,"April 19, 1893 ",0.7245,he that layeth down his life for my sake shall,And whoso layeth down his life in my cause for my name's sake shall find it again even life eternal
Doctrine and Covenants 135:6,"August 27, 1843 ",0.72413,the Book of the Book of Mormon and that Joseph,Book of Mormon and this book of Doctrine and Covenants
Doctrine and Covenants 124:118,"October 6, 1891 ",0.72412,Saints will hearken unto my voice and the counsel of,And hearken unto the counsel of my servants Joseph and
Doctrine and Covenants 136:32,"January 21, 1847 ",0.72375,my Kingdom Let him that is ignorant learn wisdom by,Let him that is ignorant learn wisdom by humbling himself
Doctrine and Covenants 82:11,"October 1, 1888 ",0.72348,the hands of David Whitmer and Oliver Cowdery He was,and John Whitmer and Oliver Cowdery and W W Phelps
Doctrine and Covenants 128:21,"June 24, 1868 ",0.72328,the Church of Jesus Christ of Latterday Saints The Presidency,tribulations of this Church of Jesus Christ of Latterday Saints!
Doctrine and Covenants 136:15,"April 16, 1847 ",0.7229,4 Captains of fifties and Captains of tens I was,And appoint presidents and captains of hundreds and of fifties and of tens
Doctrine and Covenants 68:25,"April 2, 1886 ",0.72279,the Name of Jesus Christ the Son of the Living God,Christ the Son of the living God and of baptism
Doctrine and Covenants 99:1,"July 5, 1884 ",0.72248,Jan 1880 Thus saith the Lord unto my servant Wilford,Behold thus saith the Lord unto my servant John Murdockthou
Doctrine and Covenants 20:27,"June 28, 1835 ",0.7223,should be chosen by the gifts of God and callings,believe in the gifts and callings of God by the
Doctrine and Covenants 128:8,"February 12, 1862 ",0.72204,and what you record on Earth shall be recorded in,not record on earth shall not be recorded in heaven
Doctrine and Covenants 10:69,"January 22, 1843 ",0.72189,of hell shall not prevail against it what rock Revelation,upon my rock and the gates of hell shall not prevail against them
Doctrine and Covenants 84:74,"January 22, 1843 ",0.72133,the remission of sins But I say in the name,my name for the remission of their sins that they
Doctrine and Covenants 78:7,"October 9, 1851 ",0.72127,not wisdom to give it unto you but if you,For if you will that I give unto you a
Doctrine and Covenants 27:9,"August 11, 1847 ",0.72126,the fathers to the children and the children to their,to the children and the hearts of the children to
Doctrine and Covenants 105:23,"June 2, 1892 ",0.72126,have not revealed to any man which I shall reveal,me and reveal not the things which I have revealed
Doctrine and Covenants 128:18,"February 12, 1862 ",0.72122,God in this great and last dispensation of the fulness,the ushering in of the dispensation of the fulness of
Doctrine and Covenants 2:2,"January 13, 1856 ",0.72122,"Lord"" ""And He shall turn the Hearts of the Fathers",the promises made to the fathers and the hearts of the children shall turn to their fathers
Doctrine and Covenants 90:13,"January 17, 1840 ",0.72017,England to preside over the affairs of the Church in,you shall from thenceforth preside over the affairs of the church and the school
Doctrine and Covenants 68:25,"April 30, 1843 ",0.71979,gift of the Holy Ghost Cornelius received the Holy Ghost,and the gift of the Holy Ghost by the laying
Doctrine and Covenants 118:6,"December 19, 1841 ",0.71954,his servant Joseph Smith Jr let my servant Brigham Young,Let my servant John Taylor and also my servant John
Doctrine and Covenants 115:3,"January 1, 1872 ",0.71929,of the Church of Jesus Christ of Latterday Saints to,of my Church of Jesus Christ of Latterday Saints scattered abroad in all the world
Doctrine and Covenants 21:1,"July 1, 1866 ",0.71915,to be An Apostle in the Church of Jesus Christ,a prophet an apostle of Jesus Christ an elder of
Doctrine and Covenants 135:1,"June 22, 1845 ",0.71896,the Prophet and Patriarch Joseph Smith Jr and Hyrum Smith,Prophet and Hyrum Smith the Patriarch They were shot in
Doctrine and Covenants 1:30,"October 9, 1851 ",0.71846,to lay the foundation of this church lay their bodies,have power to lay the foundation of this church and
Doctrine and Covenants 124:125,"October 2, 1856 ",0.71779,be Prophet seer and Revelator in the Church and kingdom,presiding elder over all my church to be a translator a revelator a seer and prophet
Doctrine and Covenants 18:32,"October 9, 1856 ",0.71778,full of the Holy Ghost and power of God the,to the power of the Holy Ghost which is in
Doctrine and Covenants 45:30,"September 10, 1843 ",0.71771,the gentiles until the times of the gentiles be fulfilled,And in that generation shall the times of the Gentiles be fulfilled
Doctrine and Covenants 21:1,"January 1, 1872 ",0.7176,the Name of Jesus Christ as An Apostle of the,a prophet an apostle of Jesus Christ an elder of
Doctrine and Covenants 45:42,"March 10, 1844 ",0.71756,day of the Lord come and He shall turn the,And before the day of the Lord shall come the
Doctrine and Covenants 59:15,"April 27, 1847 ",0.7172,glad Heart and cheerful countenance and a smile upon the,is sin but with a glad heart and a cheerful countenance
Doctrine and Covenants 76:1,"September 7, 1851 ",0.7167,the Earth Hear it O ye Heavens O ye Earth,Hear O ye heavens and give ear O earth and
Doctrine and Covenants 43:26,"July 5, 1884 ",0.71645,and the wrath of mine indignation is full I have,Behold the day has come when the cup of the wrath of mine indignation is full
Doctrine and Covenants 135:3,"September 10, 1843 ",0.71576,moved upon by the power of God and the gift,by the gift and power of God and has been
Doctrine and Covenants 66:1,"July 5, 1884 ",0.71574,Jan 1880 Thus saith the Lord unto my servant Wilford,Behold thus saith the Lord unto my servant William E
Doctrine and Covenants 112:11,"October 6, 1891 ",0.71547,I the Lord have heard thy prayers and thy request,I know thy heart and have heard thy prayers concerning
Doctrine and Covenants 5:2,"July 9, 1884 ",0.71546,unto you And what I the Lord say unto you,spake unto you said unto you I the Lord am
Doctrine and Covenants 112:29,"September 7, 1851 ",0.71544,great a Prophet and he that believeth it may be saved and he that believeth it not will be damned,And he that believeth and is baptized shall be saved
Doctrine and Covenants 76:14,"June 13, 1838 ",0.71532,fulness of the gospel of Jesus Christ me thinks the,bear is the fulness of the gospel of Jesus Christ
Doctrine and Covenants 63:53,"December 31, 1867 ",0.71523,of the Second Coming of the Son of Man are,even in the day of the coming of the Son of Man
Doctrine and Covenants 6:14,"August 28, 1846 ",0.71518,Son thou hast spoken well I have all thou hast,what thou hast done for thou hast inquired of me
Doctrine and Covenants 112:29,"September 7, 1851 ",0.71493,great a Prophet and he that believeth it may be saved and he that believeth it not will be damned,and he that believeth not and is not baptized shall be damned
Doctrine and Covenants 49:14,"July 2, 1840 ",0.71479,the gift of the Holy Ghost by the laying on,Holy Ghost by the laying on of the hands of the elders of the church
Doctrine and Covenants 20:68,"September 29, 1837 ",0.71444,of the Lord by the laying on of hands We,being confirmed by the laying on of the hands of
Doctrine and Covenants 138:53,"June 24, 1866 ",0.71374,Uncle Joseph Smith Jr the Prophet and his Father Hyrum,The Prophet Joseph Smith and my father Hyrum Smith Brigham
Doctrine and Covenants 101:17,"December 31, 1884 ",0.71362,shall not be moved out of her Place Zion shall,Zion shall not be moved out of her place notwithstanding her children are scattered
Doctrine and Covenants 89:1,"April 19, 1869 ",0.71298,keep the Word of Wisdom I have laid the Benefit,A Word of Wisdom for the benefit of the council
Doctrine and Covenants 20:79,"February 20, 1881 ",0.71281,ask God the Eternal Father in the name of Jesus,O God the Eternal Father we ask thee in the
Doctrine and Covenants 20:77,"February 20, 1881 ",0.71281,ask God the Eternal Father in the name of Jesus,O God the Eternal Father we ask thee in the
Doctrine and Covenants 128:18,"January 13, 1881 ",0.71241,concerning the great last dispensation of the fulness of times,the ushering in of the dispensation of the fulness of
Doctrine and Covenants 76:34,"October 20, 1855 ",0.71229,sin and there is no forgiveness in this world nor,Concerning whom I have said there is no forgiveness in this world nor in the world to come
Doctrine and Covenants 84:115,"November 10, 1872 ",0.71186,their house should be left unto them Desolate and this,their judgment is nigh and their house shall be left unto them desolate
Doctrine and Covenants 98:16,"January 13, 1856 ",0.71183,"Lord"" ""And He shall turn the Hearts of the Fathers",turn the hearts of the children to their fathers and the hearts of the fathers to the children
Doctrine and Covenants 133:31,"January 1, 1877 ",0.71176,Everlasting hills tremble at their Presence and their Enemies become,And the boundaries of the everlasting hills shall tremble at their presence
Doctrine and Covenants 124:129,"July 19, 1839 ",0.71167,and also Orson Pratt and Heber Chase Kimball Br Parley,They are Heber C Kimball Parley P Pratt Orson Pratt
Doctrine and Covenants 70:4,"January 1, 1858 ",0.71158,you into Judgment and He will require the stewardship at,And an account of this stewardship will I require of them in the day of judgment
Doctrine and Covenants 109:9,"April 7, 1844 ",0.71139,name of the Lord that you may wait for your,Lord that your outgoings may be in the name of
Doctrine and Covenants 88:120,"April 7, 1844 ",0.71139,name of the Lord that you may wait for your,Lord that your outgoings may be in the name of
Doctrine and Covenants 18:32,"December 31, 1840 ",0.71106,the gift of the Holy Ghost ^and power^ of the,to the power of the Holy Ghost which is in
Doctrine and Covenants 138:53,"December 31, 1872 ",0.7107,Joseph Smith Jr the Prophet 5 to Hyrum Smith Patriarch,The Prophet Joseph Smith and my father Hyrum Smith Brigham
Doctrine and Covenants 135:6,"August 27, 1843 ",0.7105,the Book of Mormon covenants and a prophet of God,Book of Mormon and this book of Doctrine and Covenants
Doctrine and Covenants 128:18,"April 7, 1844 ",0.7104,cannot be made perfect without us for it is necessary,the dead For we without them cannot be made perfect
Doctrine and Covenants 104:77,"August 27, 1843 ",0.71016,another should be appointed in his stead to preside in,of his place and another shall be appointed in his stead
Doctrine and Covenants 68:11,"July 31, 1849 ",0.71009,gospel and spoke of the signs of the times I,signs of the times and the signs of the coming of the Son of Man
Doctrine and Covenants 135:1,"December 31, 1857 ",0.71001,Prophet 5 to Hyrum Smith the Patriarch 4 to Father,Prophet and Hyrum Smith the Patriarch They were shot in
Doctrine and Covenants 135:1,"February 7, 1885 ",0.71001,Prophet 5 to Hyrum Smith the Patriarch 4 to Father,Prophet and Hyrum Smith the Patriarch They were shot in
Doctrine and Covenants 135:6,"April 6, 1898 ",0.70975,section of the Book of Doctrine and Covenants I then,Book of Mormon and this book of Doctrine and Covenants
Doctrine and Covenants 88:2,"July 13, 1840 ",0.70938,Orphan assend into the ears of the Lord of Sabaoth,up into the ears of the Lord of Sabaoth and
Doctrine and Covenants 68:11,"June 24, 1894 ",0.70922,the work of God and signs of the Times In,signs of the times and the signs of the coming of the Son of Man
Doctrine and Covenants 98:2,"July 13, 1840 ",0.7088,Orphan assend into the ears of the Lord of Sabaoth,into the ears of the Lord of Sabaoth and are
Doctrine and Covenants 135:3,"April 22, 1838 ",0.70869,them of the fulness of the everlasting gospel that God,the fulness of the everlasting gospel which it contained to
Doctrine and Covenants 85:5,"October 20, 1896 ",0.70829,up saith the Lord of hosts As I the Lord,the book of the law of God saith the Lord of Hosts
Doctrine and Covenants 33:11,"March 10, 1844 ",0.70817,be baptized for the remission of your sins but he,a remission of your sins yea be baptized even by
Doctrine and Covenants 128:18,"April 7, 1844 ",0.70813,children and our dead for the fulness of the dispensation,the ushering in of the dispensation of the fulness of
Doctrine and Covenants 133:34,"February 26, 1879 ",0.70809,with Songs of Everlasting Joy Behold this is the Blessing,Behold this is the blessing of the everlasting God upon
Doctrine and Covenants 88:92,"April 2, 1885 ",0.70797,of God and prepare ye for the coming of the,Prepare ye prepare ye O inhabitants of the earth for
Doctrine and Covenants 49:23,"October 21, 1855 ",0.70787,thes things be when the Angel shall sound his trumpet,places to become smoothand all this when the angel shall sound his trumpet
Doctrine and Covenants 128:18,"February 2, 1851 ",0.70766,Saints Neither can we be perfect without our Fathers who,neither can they without us be made perfect Neither can
Doctrine and Covenants 68:8,"February 26, 1879 ",0.70762,to all the world and Preach this gospel of the,Go ye into all the world preach the gospel to
Doctrine and Covenants 20:9,"April 2, 1885 ",0.70739,the Gospel of Jesus Christ to the Gentiles first and,fulness of the gospel of Jesus Christ to the Gentiles and to the Jews also
Doctrine and Covenants 135:3,"July 9, 1844 ",0.70692,the Death of President Joseph Smith Jr the Prophet Seer,Joseph Smith the Prophet and Seer of the Lord has
Doctrine and Covenants 128:18,"October 3, 1875 ",0.70686,dispensation and fulness of times^ and the other the President,the ushering in of the dispensation of the fulness of
Doctrine and Covenants 124:137,"August 29, 1896 ",0.7065,you have one to preside over your quorum which is,is to preside over the quorum of elders which quorum
Doctrine and Covenants 128:21,"December 31, 1872 ",0.70646,the Church of Jesus Christ of Latterday Saints I Travelled,tribulations of this Church of Jesus Christ of Latterday Saints!
Doctrine and Covenants 136:40,"January 21, 1847 ",0.70634,only in that I have left a witness of my,Have I not delivered you from your enemies only in that I have left a witness of my name
Doctrine and Covenants 118:5,"September 25, 1840 ",0.70627,about to take my leave of the saints in that,Let them take leave of my saints in the city
Doctrine and Covenants 18:32,"April 30, 1860 ",0.7061,the Holy Ghost and the power of God when you,to the power of the Holy Ghost which is in
Doctrine and Covenants 120:1,"August 16, 1890 ",0.7061,Prayer then all the first Presidency of the Church and,of the First Presidency of my Church and of the
Doctrine and Covenants 115:3,"June 21, 1863 ",0.70596,of the Church of Jesus Christ of Latterday Saints He,of my Church of Jesus Christ of Latterday Saints scattered abroad in all the world
Doctrine and Covenants 107:63,"January 30, 1887 ",0.70595,1 Priest 1 Teacher and 1 Deacon I Administered to,Wherefore from deacon to teacher and from teacher to priest
Doctrine and Covenants 20:1,"September 5, 1841 ",0.70591,one thousand eight hundred and thirty and has been ordained,days being one thousand eight hundred and thirty years since
Doctrine and Covenants 20:16,"January 1, 1858 ",0.7059,pass for the Lord God has spoken it Then prepare,For the Lord God has spoken it and we the
Doctrine and Covenants 42:45,"April 15, 1837 ",0.7054,of Ephraim^ thou shalt have a celestial crown Thou shalt,Thou shalt live together in love insomuch that thou shalt
Doctrine and Covenants 87:7,"January 1, 1877 ",0.70528,into the Ears of the Lord of Sabaoth and be,ears of the Lord of Sabaoth from the earth to be avenged of their enemies
Doctrine and Covenants 33:1,"September 9, 1860 ",0.70508,and marrow 9 ^1860^ and thoughts and intents of the,the joints and marrow soul and spirit and is a discerner of the thoughts and intents of the heart
Doctrine and Covenants 125:2,"August 27, 1885 ",0.7049,be prepared for that which is to come As I,name that they may be prepared for that which is in store for a time to come
Doctrine and Covenants 102:31,"September 6, 1847 ",0.70457,be an appeal from there decision to the majority of,From the decision of the former there can be an appeal but from the decision of the latter there cannot
Doctrine and Covenants 135:1,"December 31, 1872 ",0.70456,Joseph Smith Jr the Prophet 5 to Hyrum Smith Patriarch,Prophet and Hyrum Smith the Patriarch They were shot in
Doctrine and Covenants 63:53,"January 1, 1853 ",0.70454,coming of the son of man He said the Twelve,even in the day of the coming of the Son of Man
Doctrine and Covenants 84:95,"March 14, 1885 ",0.704,wicked And I say again wo unto that Nation or,Wo I say again unto that house or that village
Doctrine and Covenants 127:12,"December 31, 1872 ",0.70396,the Church of Jesus Christ of Latterday Saints I Travelled,Lord prophet and seer of The Church of Jesus Christ of Latterday Saints
Doctrine and Covenants 20:35,"December 31, 1840 ",0.70383,the gift of the Holy Ghost ^and power^ of the,gift and power of the Holy Ghost the voice of God or the ministering of angels
Doctrine and Covenants 10:21,"January 20, 1872 ",0.70342,men love darkness rather than light because their deeds are,abominations and they love darkness rather than light because their deeds are evil therefore they will not ask of me
Doctrine and Covenants 136:2,"December 5, 1847 ",0.70282,be the President of the Church of Jesus Christ of,Let all the people of The Church of Jesus Christ
Doctrine and Covenants 128:15,"April 9, 1852 ",0.70258,they without us could not be made perfect Neither can,fathersthat they without us cannot be made perfectneither can we without our dead be made perfect
Doctrine and Covenants 128:15,"April 7, 1844 ",0.70224,cannot be made perfect without us for it is necessary,fathersthat they without us cannot be made perfectneither can we without our dead be made perfect
Doctrine and Covenants 18:32,"August 16, 1844 ",0.70203,kingdom unto us in the power of the Holy Ghost,to the power of the Holy Ghost which is in
Doctrine and Covenants 135:3,"July 30, 1843 ",0.70168,get faith by the power of God and the gift,by the gift and power of God and has been
Doctrine and Covenants 63:53,January 19 1840 ,0.70138,the coming of the Son of Man and may thy,even in the day of the coming of the Son of Man
Doctrine and Covenants 45:20,"December 24, 1861 ",0.70133,and not one stone left upon another that the wicked,down that there shall not be left one stone upon another
Doctrine and Covenants 128:17,"March 10, 1844 ",0.70114,of the Children to the Fathers lest I come and,children and the heart of the children to their fathers lest I come and smite the earth with a curse
Doctrine and Covenants 124:91,"December 19, 1841 ",0.70112,his servant Joseph Smith Jr let my servant Brigham Young,servant Joseph in the room of my servant Hyrum that
Doctrine and Covenants 127:12,"June 24, 1845 ",0.70058,the Bishop of the Church of Jesus Christ of Latterday,Lord prophet and seer of The Church of Jesus Christ of Latterday Saints
Doctrine and Covenants 132:19,"January 13, 1881 ",0.70048,Key and Endowment of the New and Everlasting Covenant 2,and by the new and everlasting covenant and it is
Doctrine and Covenants 76:94,"April 30, 1854 ",0.70046,they could see things as they are they would as,the Firstborn and they see as they are seen and
Doctrine and Covenants 135:3,"February 15, 1849 ",0.70035,the power of God And the gift of the Holy,by the gift and power of God and has been
Doctrine and Covenants 46:16,"January 20, 1872 ",0.7003,God to man the Holy Ghost which is given to,And again it is given by the Holy Ghost to
Doctrine and Covenants 107:7,"December 31, 1860 ",0.70009,of the Melchizedek Priesthood from an Elder to the Presidency,The office of an elder comes under the priesthood of Melchizedek
